PIN,complete,date,calendar_time,timestamp,location,commit,version,pre_rating,post_rating
'00001',y,07-08-2020,09:36:41,17897,United States,5b501e4,K,5.28,""
'00001',y,07-08-2020,09:44:42,17897,United States,5b501e4,K,5.28,""
'00001',y,07-08-2020,09:36:41,11013,United States,5b501e4,K,"",4.40
'00001',y,07-08-2020,09:44:42,11013,United States,5b501e4,K,"",4.40
'00002',y,07-08-2020,09:36:40,17247,India,5b501e4,A,8.60,""
'00002',y,07-08-2020,09:44:39,17247,India,5b501e4,A,8.60,""
'00002',y,07-08-2020,09:36:40,10849,India,5b501e4,A,"",6.92
'00002',y,07-08-2020,09:44:39,10849,India,5b501e4,A,"",6.92
'00003',y,07-08-2020,09:36:45,15687,United States,5b501e4,L,4.40,""
'00003',y,07-08-2020,09:44:50,15687,United States,5b501e4,L,4.40,""
'00003',y,07-08-2020,09:36:45,11496,United States,5b501e4,L,"",6.98
'00003',y,07-08-2020,09:44:50,11496,United States,5b501e4,L,"",6.98
'00004',y,07-08-2020,09:36:34,33245,Philippines,5b501e4,D,4.70,""
'00004',y,07-08-2020,09:44:35,33245,Philippines,5b501e4,D,4.70,""
'00004',y,07-08-2020,09:36:34,9919,Philippines,5b501e4,D,"",7.40
'00004',y,07-08-2020,09:44:35,9919,Philippines,5b501e4,D,"",7.40
'00005',y,07-08-2020,09:36:35,19210,United States,5b501e4,F,8.84,""
'00005',y,07-08-2020,09:44:37,19210,United States,5b501e4,F,8.84,""
'00005',y,07-08-2020,09:36:35,11196,United States,5b501e4,F,"",5.46
'00005',y,07-08-2020,09:44:37,11196,United States,5b501e4,F,"",5.46
'00006',y,07-08-2020,09:36:36,23169,Philippines,5b501e4,L,4.22,""
'00006',y,07-08-2020,09:44:36,23169,Philippines,5b501e4,L,4.22,""
'00006',y,07-08-2020,09:36:36,9984,Philippines,5b501e4,L,"",1.38
'00006',y,07-08-2020,09:44:36,9984,Philippines,5b501e4,L,"",1.38
'00007',y,07-08-2020,09:35:08,92295,United States,5b501e4,A,8.00,""
'00007',y,07-08-2020,09:43:48,92295,United States,5b501e4,A,8.00,""
'00007',y,07-08-2020,09:35:08,11821,United States,5b501e4,A,"",5.36
'00007',y,07-08-2020,09:43:48,11821,United States,5b501e4,A,"",5.36
'00008',y,07-08-2020,09:35:25,83806,United Kingdom,5b501e4,A,5.60,""
'00008',y,07-08-2020,09:44:05,83806,United Kingdom,5b501e4,A,5.60,""
'00008',y,07-08-2020,09:35:25,11325,United Kingdom,5b501e4,A,"",1.62
'00008',y,07-08-2020,09:44:05,11325,United Kingdom,5b501e4,A,"",1.62
'00009',y,07-08-2020,09:36:45,14740,India,5b501e4,D,7.60,""
'00009',y,07-08-2020,09:44:47,14740,India,5b501e4,D,7.60,""
'00009',y,07-08-2020,09:36:45,10197,India,5b501e4,D,"",2.48
'00009',y,07-08-2020,09:44:47,10197,India,5b501e4,D,"",2.48
'00010',y,07-08-2020,09:36:46,15325,local,5b501e4,D,8.42,""
'00010',y,07-08-2020,09:44:46,15325,local,5b501e4,D,8.42,""
'00010',y,07-08-2020,09:36:46,11026,local,5b501e4,D,"",2.18
'00010',y,07-08-2020,09:44:46,11026,local,5b501e4,D,"",2.18
'00011',y,07-08-2020,09:34:15,62118,United States,5b501e4,F,6.24,""
'00011',y,07-08-2020,09:43:31,62118,United States,5b501e4,F,6.24,""
'00011',y,07-08-2020,09:34:15,11875,United States,5b501e4,F,"",2.02
'00011',y,07-08-2020,09:43:31,11875,United States,5b501e4,F,"",2.02
'00012',y,07-08-2020,09:34:43,83115,Philippines,5b501e4,E,6.78,""
'00012',y,07-08-2020,09:43:46,83115,Philippines,5b501e4,E,6.78,""
'00012',y,07-08-2020,09:34:43,11866,Philippines,5b501e4,E,"",4.92
'00012',y,07-08-2020,09:43:46,11866,Philippines,5b501e4,E,"",4.92
'00013',y,07-08-2020,09:36:47,16423,India,5b501e4,C,6.18,""
'00013',y,07-08-2020,09:44:52,16423,India,5b501e4,C,6.18,""
'00013',y,07-08-2020,09:36:47,11901,India,5b501e4,C,"",1.92
'00013',y,07-08-2020,09:44:52,11901,India,5b501e4,C,"",1.92
'00014',y,07-08-2020,09:36:43,12785,India,5b501e4,J,6.06,""
'00014',y,07-08-2020,09:44:45,12785,India,5b501e4,J,6.06,""
'00014',y,07-08-2020,09:36:43,11411,India,5b501e4,J,"",2.22
'00014',y,07-08-2020,09:44:45,11411,India,5b501e4,J,"",2.22
'00015',y,07-08-2020,09:35:08,92130,United States,5b501e4,F,3.66,""
'00015',y,07-08-2020,09:43:54,92130,United States,5b501e4,F,3.66,""
'00015',y,07-08-2020,09:35:08,11518,United States,5b501e4,F,"",3.54
'00015',y,07-08-2020,09:43:54,11518,United States,5b501e4,F,"",3.54
'00016',y,07-08-2020,09:36:13,90601,United Kingdom,5b501e4,E,6.68,""
'00016',y,07-08-2020,09:44:21,90601,United Kingdom,5b501e4,E,6.68,""
'00016',y,07-08-2020,09:36:13,10291,United Kingdom,5b501e4,E,"",8.54
'00016',y,07-08-2020,09:44:21,10291,United Kingdom,5b501e4,E,"",8.54
'00017',y,07-08-2020,09:36:40,19181,India,5b501e4,A,8.32,""
'00017',y,07-08-2020,09:44:41,19181,India,5b501e4,A,8.32,""
'00017',y,07-08-2020,09:36:40,11294,India,5b501e4,A,"",4.60
'00017',y,07-08-2020,09:44:41,11294,India,5b501e4,A,"",4.60
'00018',y,07-08-2020,09:36:41,19550,local,5b501e4,D,7.38,""
'00018',y,07-08-2020,09:44:46,19550,local,5b501e4,D,7.38,""
'00018',y,07-08-2020,09:36:41,10348,local,5b501e4,D,"",3.56
'00018',y,07-08-2020,09:44:46,10348,local,5b501e4,D,"",3.56
'00019',y,07-08-2020,09:36:42,12390,India,5b501e4,K,8.28,""
'00019',y,07-08-2020,09:44:44,12390,India,5b501e4,K,8.28,""
'00019',y,07-08-2020,09:36:42,11314,India,5b501e4,K,"",7.78
'00019',y,07-08-2020,09:44:44,11314,India,5b501e4,K,"",7.78
'00020',y,07-08-2020,09:35:25,83816,United States,5b501e4,B,7.60,""
'00020',y,07-08-2020,09:44:07,83816,United States,5b501e4,B,7.60,""
'00020',y,07-08-2020,09:35:25,11055,United States,5b501e4,B,"",1.66
'00020',y,07-08-2020,09:44:07,11055,United States,5b501e4,B,"",1.66
'00021',y,07-08-2020,09:36:45,17871,local,5b501e4,E,6.12,""
'00021',y,07-08-2020,09:44:51,17871,local,5b501e4,E,6.12,""
'00021',y,07-08-2020,09:36:45,12134,local,5b501e4,E,"",1.90
'00021',y,07-08-2020,09:44:51,12134,local,5b501e4,E,"",1.90
'00022',y,07-08-2020,09:36:34,33114,India,5b501e4,L,6.14,""
'00022',y,07-08-2020,09:44:35,33114,India,5b501e4,L,6.14,""
'00022',y,07-08-2020,09:36:34,10445,India,5b501e4,L,"",8.10
'00022',y,07-08-2020,09:44:35,10445,India,5b501e4,L,"",8.10
'00023',y,07-08-2020,09:36:46,15603,India,5b501e4,C,4.36,""
'00023',y,07-08-2020,09:44:44,15603,India,5b501e4,C,4.36,""
'00023',y,07-08-2020,09:36:46,12232,India,5b501e4,C,"",6.10
'00023',y,07-08-2020,09:44:44,12232,India,5b501e4,C,"",6.10
'00024',y,07-08-2020,09:36:08,85921,Philippines,5b501e4,E,2.86,""
'00024',y,07-08-2020,09:44:15,85921,Philippines,5b501e4,E,2.86,""
'00024',y,07-08-2020,09:36:08,10665,Philippines,5b501e4,E,"",1.14
'00024',y,07-08-2020,09:44:15,10665,Philippines,5b501e4,E,"",1.14
'00025',y,07-08-2020,09:36:08,82700,United States,5b501e4,D,6.26,""
'00025',y,07-08-2020,09:44:20,82700,United States,5b501e4,D,6.26,""
'00025',y,07-08-2020,09:36:08,10685,United States,5b501e4,D,"",7.80
'00025',y,07-08-2020,09:44:20,10685,United States,5b501e4,D,"",7.80
'00026',y,07-08-2020,09:36:39,26800,India,5b501e4,K,7.48,""
'00026',y,07-08-2020,09:44:46,26800,India,5b501e4,K,7.48,""
'00026',y,07-08-2020,09:36:39,11102,India,5b501e4,K,"",4.80
'00026',y,07-08-2020,09:44:46,11102,India,5b501e4,K,"",4.80
'00027',y,07-08-2020,09:34:15,62176,United States,5b501e4,H,8.22,""
'00027',y,07-08-2020,09:43:38,62176,United States,5b501e4,H,8.22,""
'00027',y,07-08-2020,09:34:15,13011,United States,5b501e4,H,"",1.04
'00027',y,07-08-2020,09:43:38,13011,United States,5b501e4,H,"",1.04
'00028',y,07-08-2020,09:36:40,10165,United States,5b501e4,C,6.48,""
'00028',y,07-08-2020,09:44:43,10165,United States,5b501e4,C,6.48,""
'00028',y,07-08-2020,09:36:40,10766,United States,5b501e4,C,"",8.32
'00028',y,07-08-2020,09:44:43,10766,United States,5b501e4,C,"",8.32
'00029',y,07-08-2020,09:34:15,62140,local,5b501e4,G,3.14,""
'00029',y,07-08-2020,09:43:31,62140,local,5b501e4,G,3.14,""
'00029',y,07-08-2020,09:34:15,14126,local,5b501e4,G,"",2.82
'00029',y,07-08-2020,09:43:31,14126,local,5b501e4,G,"",2.82
'00030',y,07-08-2020,09:36:42,14904,United States,5b501e4,D,4.94,""
'00030',y,07-08-2020,09:44:47,14904,United States,5b501e4,D,4.94,""
'00030',y,07-08-2020,09:36:42,10869,United States,5b501e4,D,"",5.70
'00030',y,07-08-2020,09:44:47,10869,United States,5b501e4,D,"",5.70
'00031',y,07-08-2020,09:36:40,18749,United States,5b501e4,D,1.22,""
'00031',y,07-08-2020,09:44:44,18749,United States,5b501e4,D,1.22,""
'00031',y,07-08-2020,09:36:40,10439,United States,5b501e4,D,"",2.66
'00031',y,07-08-2020,09:44:44,10439,United States,5b501e4,D,"",2.66
'00032',y,07-08-2020,09:36:42,15274,India,5b501e4,B,6.96,""
'00032',y,07-08-2020,09:44:46,15274,India,5b501e4,B,6.96,""
'00032',y,07-08-2020,09:36:42,11198,India,5b501e4,B,"",6.20
'00032',y,07-08-2020,09:44:46,11198,India,5b501e4,B,"",6.20
'00033',y,07-08-2020,09:35:25,83820,United States,5b501e4,F,8.74,""
'00033',y,07-08-2020,09:44:05,83820,United States,5b501e4,F,8.74,""
'00033',y,07-08-2020,09:35:25,11761,United States,5b501e4,F,"",5.42
'00033',y,07-08-2020,09:44:05,11761,United States,5b501e4,F,"",5.42
'00034',y,07-08-2020,09:36:39,26395,United States,5b501e4,B,5.82,""
'00034',y,07-08-2020,09:44:43,26395,United States,5b501e4,B,5.82,""
'00034',y,07-08-2020,09:36:39,9784,United States,5b501e4,B,"",5.24
'00034',y,07-08-2020,09:44:43,9784,United States,5b501e4,B,"",5.24
'00035',y,07-08-2020,09:36:43,12740,United Kingdom,5b501e4,J,5.12,""
'00035',y,07-08-2020,09:44:40,12740,United Kingdom,5b501e4,J,5.12,""
'00035',y,07-08-2020,09:36:43,10849,United Kingdom,5b501e4,J,"",5.06
'00035',y,07-08-2020,09:44:40,10849,United Kingdom,5b501e4,J,"",5.06
'00036',y,07-08-2020,09:35:08,92296,United States,5b501e4,B,3.02,""
'00036',y,07-08-2020,09:43:50,92296,United States,5b501e4,B,3.02,""
'00036',y,07-08-2020,09:35:08,11320,United States,5b501e4,B,"",8.80
'00036',y,07-08-2020,09:43:50,11320,United States,5b501e4,B,"",8.80
'00037',y,07-08-2020,09:35:08,92515,United States,5b501e4,G,4.66,""
'00037',y,07-08-2020,09:43:54,92515,United States,5b501e4,G,4.66,""
'00037',y,07-08-2020,09:35:08,11420,United States,5b501e4,G,"",7.34
'00037',y,07-08-2020,09:43:54,11420,United States,5b501e4,G,"",7.34
'00038',y,07-08-2020,09:36:38,22193,United Kingdom,5b501e4,K,4.86,""
'00038',y,07-08-2020,09:44:34,22193,United Kingdom,5b501e4,K,4.86,""
'00038',y,07-08-2020,09:36:38,11132,United Kingdom,5b501e4,K,"",2.94
'00038',y,07-08-2020,09:44:34,11132,United Kingdom,5b501e4,K,"",2.94
'00039',y,07-08-2020,09:36:40,13336,India,5b501e4,G,3.80,""
'00039',y,07-08-2020,09:44:40,13336,India,5b501e4,G,3.80,""
'00039',y,07-08-2020,09:36:40,9934,India,5b501e4,G,"",2.82
'00039',y,07-08-2020,09:44:40,9934,India,5b501e4,G,"",2.82
'00040',y,07-08-2020,13:15:04,4974,United States,5b501e4,G,5.63,""
'00040',y,07-08-2020,13:23:22,4974,United States,5b501e4,G,5.63,""
'00040',y,07-08-2020,13:15:04,4715,United States,5b501e4,G,"",5.01
'00040',y,07-08-2020,13:23:22,4715,United States,5b501e4,G,"",5.01
'00041',y,07-08-2020,09:35:08,92145,United Kingdom,5b501e4,G,1.94,""
'00041',y,07-08-2020,09:43:56,92145,United Kingdom,5b501e4,G,1.94,""
'00041',y,07-08-2020,09:35:08,10895,United Kingdom,5b501e4,G,"",2.88
'00041',y,07-08-2020,09:43:56,10895,United Kingdom,5b501e4,G,"",2.88
'00042',y,07-08-2020,09:36:40,17157,India,5b501e4,F,4.76,""
'00042',y,07-08-2020,09:44:43,17157,India,5b501e4,F,4.76,""
'00042',y,07-08-2020,09:36:40,11610,India,5b501e4,F,"",6.82
'00042',y,07-08-2020,09:44:43,11610,India,5b501e4,F,"",6.82
'00043',y,07-08-2020,09:36:42,15614,United States,5b501e4,F,1.64,""
'00043',y,07-08-2020,09:44:48,15614,United States,5b501e4,F,1.64,""
'00043',y,07-08-2020,09:36:42,11505,United States,5b501e4,F,"",4.62
'00043',y,07-08-2020,09:44:48,11505,United States,5b501e4,F,"",4.62
'00044',y,07-08-2020,09:36:37,21006,India,5b501e4,I,6.30,""
'00044',y,07-08-2020,09:44:40,21006,India,5b501e4,I,6.30,""
'00044',y,07-08-2020,09:36:37,12152,India,5b501e4,I,"",4.04
'00044',y,07-08-2020,09:44:40,12152,India,5b501e4,I,"",4.04
'00045',y,07-08-2020,09:35:08,92162,India,5b501e4,G,7.56,""
'00045',y,07-08-2020,09:43:59,92162,India,5b501e4,G,7.56,""
'00045',y,07-08-2020,09:35:08,12428,India,5b501e4,G,"",7.62
'00045',y,07-08-2020,09:43:59,12428,India,5b501e4,G,"",7.62
'00046',y,07-08-2020,09:36:47,16463,United States,5b501e4,K,1.44,""
'00046',y,07-08-2020,09:44:54,16463,United States,5b501e4,K,1.44,""
'00046',y,07-08-2020,09:36:47,12023,United States,5b501e4,K,"",7.96
'00046',y,07-08-2020,09:44:54,12023,United States,5b501e4,K,"",7.96
'00047',y,07-08-2020,09:36:27,62719,United States,5b501e4,G,4.14,""
'00047',y,07-08-2020,09:44:30,62719,United States,5b501e4,G,4.14,""
'00047',y,07-08-2020,09:36:27,11401,United States,5b501e4,G,"",4.20
'00047',y,07-08-2020,09:44:30,11401,United States,5b501e4,G,"",4.20
'00048',y,07-08-2020,09:34:15,64246,United States,5b501e4,F,5.04,""
'00048',y,07-08-2020,09:43:36,64246,United States,5b501e4,F,5.04,""
'00048',y,07-08-2020,09:34:15,11929,United States,5b501e4,F,"",5.58
'00048',y,07-08-2020,09:43:36,11929,United States,5b501e4,F,"",5.58
'00049',y,07-08-2020,09:36:49,17883,United States,5b501e4,G,2.98,""
'00049',y,07-08-2020,09:44:59,17883,United States,5b501e4,G,2.98,""
'00049',y,07-08-2020,09:36:49,12164,United States,5b501e4,G,"",1.16
'00049',y,07-08-2020,09:44:59,12164,United States,5b501e4,G,"",1.16
'00050',y,07-08-2020,09:36:45,15054,India,5b501e4,K,7.44,""
'00050',y,07-08-2020,09:44:47,15054,India,5b501e4,K,7.44,""
'00050',y,07-08-2020,09:36:45,10684,India,5b501e4,K,"",7.48
'00050',y,07-08-2020,09:44:47,10684,India,5b501e4,K,"",7.48
'00051',y,07-08-2020,09:36:42,15001,United States,5b501e4,A,5.36,""
'00051',y,07-08-2020,09:44:45,15001,United States,5b501e4,A,5.36,""
'00051',y,07-08-2020,09:36:42,12073,United States,5b501e4,A,"",1.54
'00051',y,07-08-2020,09:44:45,12073,United States,5b501e4,A,"",1.54
