PIN,complete,date,calendar_time,timestamp,location,commit,version,item,response,response_content
'00001',y,07-08-2020,09:36:15,465,United States,5b501e4,K,MR.43,A,NA
'00001',y,07-08-2020,09:36:15,15176,United States,5b501e4,K,MR.53,D,NA
'00001',y,07-08-2020,09:36:15,22585,United States,5b501e4,K,MR.55,C,NA
'00001',y,07-08-2020,09:36:15,32128,United States,5b501e4,K,MR.47,A,NA
'00001',y,07-08-2020,09:36:15,40794,United States,5b501e4,K,R3D.65,E,NA
'00001',y,07-08-2020,09:36:15,51981,United States,5b501e4,K,R3D.53,B,NA
'00001',y,07-08-2020,09:36:15,61349,United States,5b501e4,K,R3D.07,E,NA
'00001',y,07-08-2020,09:36:15,74303,United States,5b501e4,K,R3D.50,A,NA
'00001',y,07-08-2020,09:36:15,89676,United States,5b501e4,K,VR.26,2,Sociable
'00001',y,07-08-2020,09:36:15,126383,United States,5b501e4,K,VR.42,3,Pluto
'00001',y,07-08-2020,09:36:15,131737,United States,5b501e4,K,VR.19,1,Friday
'00001',y,07-08-2020,09:36:15,148231,United States,5b501e4,K,LN.35,3,T
'00001',y,07-08-2020,09:36:15,159857,United States,5b501e4,K,LN.07,3,U
'00001',y,07-08-2020,09:36:15,169094,United States,5b501e4,K,LN.06,6,I
'00001',y,07-08-2020,09:36:15,179520,United States,5b501e4,K,LN.03,4,47
'00002',y,07-08-2020,09:36:15,448,India,5b501e4,A,VR.13,5,132
'00002',y,07-08-2020,09:36:15,15186,India,5b501e4,A,VR.19,3,Wednesday
'00002',y,07-08-2020,09:36:15,22563,India,5b501e4,A,VR.04,6,7
'00002',y,07-08-2020,09:36:15,32103,India,5b501e4,A,VR.42,3,Pluto
'00002',y,07-08-2020,09:36:15,40660,India,5b501e4,A,MR.55,A,NA
'00002',y,07-08-2020,09:36:15,48552,India,5b501e4,A,MR.43,A,NA
'00002',y,07-08-2020,09:36:15,61323,India,5b501e4,A,MR.46,D,NA
'00002',y,07-08-2020,09:36:15,74267,India,5b501e4,A,MR.54,F,NA
'00002',y,07-08-2020,09:36:15,89685,India,5b501e4,A,LN.07,2,T
'00002',y,07-08-2020,09:36:15,116207,India,5b501e4,A,LN.06,1,D
'00002',y,07-08-2020,09:36:15,126401,India,5b501e4,A,LN.01,4,169
'00002',y,07-08-2020,09:36:15,131695,India,5b501e4,A,LN.03,2,39
'00002',y,07-08-2020,09:36:15,148213,India,5b501e4,A,R3D.11,F,NA
'00002',y,07-08-2020,09:36:15,159822,India,5b501e4,A,R3D.04,E,NA
'00002',y,07-08-2020,09:36:15,168718,India,5b501e4,A,R3D.08,E,NA
'00002',y,07-08-2020,09:36:15,179499,India,5b501e4,A,R3D.27,D,NA
'00003',y,07-08-2020,09:36:23,8101,United States,5b501e4,L,VR.42,3,Pluto
'00003',y,07-08-2020,09:36:23,15694,United States,5b501e4,L,VR.13,2,93
'00003',y,07-08-2020,09:36:23,33360,United States,5b501e4,L,VR.26,1,Angry
'00003',y,07-08-2020,09:36:23,41247,United States,5b501e4,L,VR.17,1,35
'00003',y,07-08-2020,09:36:23,54021,United States,5b501e4,L,MR.47,B,NA
'00003',y,07-08-2020,09:36:23,66979,United States,5b501e4,L,MR.46,A,NA
'00003',y,07-08-2020,09:36:23,82341,United States,5b501e4,L,MR.48,F,NA
'00003',y,07-08-2020,09:36:23,108950,United States,5b501e4,L,MR.43,F,NA
'00003',y,07-08-2020,09:36:23,119127,United States,5b501e4,L,R3D.57,A,NA
'00003',y,07-08-2020,09:36:23,124433,United States,5b501e4,L,R3D.19,D,NA
'00003',y,07-08-2020,09:36:23,140901,United States,5b501e4,L,R3D.32,F,NA
'00003',y,07-08-2020,09:36:23,152538,United States,5b501e4,L,R3D.31,C,NA
'00003',y,07-08-2020,09:36:23,161605,United States,5b501e4,L,LN.01,1,154
'00003',y,07-08-2020,09:36:23,172204,United States,5b501e4,L,LN.07,4,V
'00003',y,07-08-2020,09:36:23,175473,United States,5b501e4,L,LN.33,5,I
'00003',y,07-08-2020,09:36:23,180782,United States,5b501e4,L,LN.03,6,55
'00004',y,07-08-2020,09:35:20,8431,Philippines,5b501e4,D,MR.54,D,NA
'00004',y,07-08-2020,09:35:20,10824,Philippines,5b501e4,D,MR.55,D,NA
'00004',y,07-08-2020,09:35:20,12370,Philippines,5b501e4,D,MR.50,E,NA
'00004',y,07-08-2020,09:35:20,14118,Philippines,5b501e4,D,MR.43,B,NA
'00004',y,07-08-2020,09:35:20,15576,Philippines,5b501e4,D,VR.17,5,53
'00004',y,07-08-2020,09:35:20,17596,Philippines,5b501e4,D,VR.23,1,Buenos Aires
'00004',y,07-08-2020,09:35:20,24521,Philippines,5b501e4,D,VR.26,1,Angry
'00004',y,07-08-2020,09:35:20,32809,Philippines,5b501e4,D,VR.18,1,September
'00004',y,07-08-2020,09:35:20,40226,Philippines,5b501e4,D,LN.34,3,V
'00004',y,07-08-2020,09:35:20,49856,Philippines,5b501e4,D,LN.05,3,S
'00004',y,07-08-2020,09:35:20,58384,Philippines,5b501e4,D,LN.07,6,X
'00004',y,07-08-2020,09:35:20,66218,Philippines,5b501e4,D,LN.35,3,T
'00004',y,07-08-2020,09:35:20,82702,Philippines,5b501e4,D,R3D.11,C,NA
'00004',y,07-08-2020,09:35:20,92591,Philippines,5b501e4,D,R3D.36,D,NA
'00004',y,07-08-2020,09:35:20,107319,Philippines,5b501e4,D,R3D.09,B,NA
'00004',y,07-08-2020,09:35:20,131910,Philippines,5b501e4,D,R3D.24,B,NA
'00005',y,07-08-2020,09:36:01,953,United States,5b501e4,F,MR.46,B,NA
'00005',y,07-08-2020,09:36:01,3286,United States,5b501e4,F,MR.53,E,NA
'00005',y,07-08-2020,09:36:01,10115,United States,5b501e4,F,MR.45,E,NA
'00005',y,07-08-2020,09:36:01,18441,United States,5b501e4,F,MR.55,F,NA
'00005',y,07-08-2020,09:36:01,25500,United States,5b501e4,F,LN.07,6,X
'00005',y,07-08-2020,09:36:01,35034,United States,5b501e4,F,LN.35,4,U
'00005',y,07-08-2020,09:36:01,43695,United States,5b501e4,F,LN.58,3,I
'00005',y,07-08-2020,09:36:01,54894,United States,5b501e4,F,LN.03,1,37
'00005',y,07-08-2020,09:36:01,64257,United States,5b501e4,F,R3D.64,D,NA
'00005',y,07-08-2020,09:36:01,77190,United States,5b501e4,F,R3D.05,F,NA
'00005',y,07-08-2020,09:36:01,92567,United States,5b501e4,F,R3D.16,B,NA
'00005',y,07-08-2020,09:36:01,119120,United States,5b501e4,F,R3D.57,F,NA
'00005',y,07-08-2020,09:36:01,129333,United States,5b501e4,F,VR.17,4,47
'00005',y,07-08-2020,09:36:01,134629,United States,5b501e4,F,VR.39,4,21
'00005',y,07-08-2020,09:36:01,151125,United States,5b501e4,F,VR.14,2,8
'00005',y,07-08-2020,09:36:01,162727,United States,5b501e4,F,VR.18,3,May
'00006',y,07-08-2020,09:35:49,1494,Philippines,5b501e4,L,LN.58,1,J
'00006',y,07-08-2020,09:35:49,3247,Philippines,5b501e4,L,LN.03,2,39
'00006',y,07-08-2020,09:35:49,4706,Philippines,5b501e4,L,LN.07,5,W
'00006',y,07-08-2020,09:35:49,6719,Philippines,5b501e4,L,LN.06,5,H
'00006',y,07-08-2020,09:35:49,13643,Philippines,5b501e4,L,MR.45,F,NA
'00006',y,07-08-2020,09:35:49,21925,Philippines,5b501e4,L,MR.43,A,NA
'00006',y,07-08-2020,09:35:49,29333,Philippines,5b501e4,L,MR.46,D,NA
'00006',y,07-08-2020,09:35:49,38875,Philippines,5b501e4,L,MR.53,F,NA
'00006',y,07-08-2020,09:35:49,47522,Philippines,5b501e4,L,VR.13,3,98
'00006',y,07-08-2020,09:35:49,58733,Philippines,5b501e4,L,VR.31,4,It is impossible to tell
'00006',y,07-08-2020,09:35:49,71828,Philippines,5b501e4,L,VR.42,2,Saturn
'00006',y,07-08-2020,09:35:49,81720,Philippines,5b501e4,L,VR.04,4,5
'00006',y,07-08-2020,09:35:49,96434,Philippines,5b501e4,L,R3D.50,C,NA
'00006',y,07-08-2020,09:35:49,123029,Philippines,5b501e4,L,R3D.12,A,NA
'00006',y,07-08-2020,09:35:49,133181,Philippines,5b501e4,L,R3D.33,A,NA
'00006',y,07-08-2020,09:35:49,138492,Philippines,5b501e4,L,R3D.62,A,NA
'00007',y,07-08-2020,09:33:11,867,United States,5b501e4,A,MR.47,B,NA
'00007',y,07-08-2020,09:33:11,4465,United States,5b501e4,A,MR.43,A,NA
'00007',y,07-08-2020,09:33:11,15437,United States,5b501e4,A,MR.45,F,NA
'00007',y,07-08-2020,09:33:11,22104,United States,5b501e4,A,MR.56,C,NA
'00007',y,07-08-2020,09:33:11,26338,United States,5b501e4,A,LN.58,3,I
'00007',y,07-08-2020,09:33:11,31696,United States,5b501e4,A,LN.33,4,H
'00007',y,07-08-2020,09:33:11,41064,United States,5b501e4,A,LN.35,2,S
'00007',y,07-08-2020,09:33:11,43320,United States,5b501e4,A,LN.34,5,Y
'00007',y,07-08-2020,09:33:11,59924,United States,5b501e4,A,R3D.26,E,NA
'00007',y,07-08-2020,09:33:11,66628,United States,5b501e4,A,R3D.63,F,NA
'00007',y,07-08-2020,09:33:11,74444,United States,5b501e4,A,R3D.41,D,NA
'00007',y,07-08-2020,09:33:11,82615,United States,5b501e4,A,R3D.08,D,NA
'00007',y,07-08-2020,09:33:11,85310,United States,5b501e4,A,VR.16,2,Richard is shorter than Matt
'00007',y,07-08-2020,09:33:11,85852,United States,5b501e4,A,VR.19,1,Friday
'00007',y,07-08-2020,09:33:11,87289,United States,5b501e4,A,VR.39,3,20
'00007',y,07-08-2020,09:33:11,89154,United States,5b501e4,A,VR.31,2,Phillip is shorter than Isaac
'00008',y,07-08-2020,09:33:29,13795,United Kingdom,5b501e4,A,VR.42,1,Jupiter
'00008',y,07-08-2020,09:33:29,17106,United Kingdom,5b501e4,A,VR.19,2,Monday
'00008',y,07-08-2020,09:33:29,21303,United Kingdom,5b501e4,A,VR.31,4,It is impossible to tell
'00008',y,07-08-2020,09:33:29,25197,United Kingdom,5b501e4,A,VR.04,2,3
'00008',y,07-08-2020,09:33:29,30520,United Kingdom,5b501e4,A,LN.01,2,156
'00008',y,07-08-2020,09:33:29,39925,United Kingdom,5b501e4,A,LN.06,6,I
'00008',y,07-08-2020,09:33:29,42331,United Kingdom,5b501e4,A,LN.05,4,T
'00008',y,07-08-2020,09:33:29,58826,United Kingdom,5b501e4,A,LN.34,6,Z
'00008',y,07-08-2020,09:33:29,65476,United Kingdom,5b501e4,A,R3D.26,F,NA
'00008',y,07-08-2020,09:33:29,73268,United Kingdom,5b501e4,A,R3D.38,A,NA
'00008',y,07-08-2020,09:33:29,81701,United Kingdom,5b501e4,A,R3D.06,C,NA
'00008',y,07-08-2020,09:33:29,84235,United Kingdom,5b501e4,A,R3D.61,C,NA
'00008',y,07-08-2020,09:33:29,86112,United Kingdom,5b501e4,A,MR.48,B,NA
'00008',y,07-08-2020,09:33:29,87982,United Kingdom,5b501e4,A,MR.56,B,NA
'00008',y,07-08-2020,09:33:29,90949,United Kingdom,5b501e4,A,MR.53,C,NA
'00008',y,07-08-2020,09:33:29,97863,United Kingdom,5b501e4,A,MR.50,B,NA
'00009',y,07-08-2020,09:36:28,8607,India,5b501e4,D,LN.33,5,I
'00009',y,07-08-2020,09:36:28,16472,India,5b501e4,D,LN.07,3,U
'00009',y,07-08-2020,09:36:28,29265,India,5b501e4,D,LN.03,1,37
'00009',y,07-08-2020,09:36:28,42201,India,5b501e4,D,LN.01,6,196
'00009',y,07-08-2020,09:36:28,57563,India,5b501e4,D,VR.13,4,128
'00009',y,07-08-2020,09:36:28,84114,India,5b501e4,D,VR.31,4,It is impossible to tell
'00009',y,07-08-2020,09:36:28,94307,India,5b501e4,D,VR.17,2,39
'00009',y,07-08-2020,09:36:28,99633,India,5b501e4,D,VR.19,4,Saturday
'00009',y,07-08-2020,09:36:28,116141,India,5b501e4,D,R3D.58,E,NA
'00009',y,07-08-2020,09:36:28,127755,India,5b501e4,D,R3D.24,E,NA
'00009',y,07-08-2020,09:36:28,136999,India,5b501e4,D,R3D.06,D,NA
'00009',y,07-08-2020,09:36:28,147624,India,5b501e4,D,R3D.21,F,NA
'00009',y,07-08-2020,09:36:28,150720,India,5b501e4,D,MR.47,E,NA
'00009',y,07-08-2020,09:36:28,155955,India,5b501e4,D,MR.43,A,NA
'00009',y,07-08-2020,09:36:28,157771,India,5b501e4,D,MR.55,E,NA
'00009',y,07-08-2020,09:36:28,161954,India,5b501e4,D,MR.53,A,NA
'00010',y,07-08-2020,09:36:29,11693,local,5b501e4,D,LN.35,5,V
'00010',y,07-08-2020,09:36:29,21026,local,5b501e4,D,LN.33,1,E
'00010',y,07-08-2020,09:36:29,33960,local,5b501e4,D,LN.58,4,N
'00010',y,07-08-2020,09:36:29,49334,local,5b501e4,D,LN.05,2,R
'00010',y,07-08-2020,09:36:29,75874,local,5b501e4,D,R3D.29,F,NA
'00010',y,07-08-2020,09:36:29,86056,local,5b501e4,D,R3D.21,F,NA
'00010',y,07-08-2020,09:36:29,91377,local,5b501e4,D,R3D.45,C,NA
'00010',y,07-08-2020,09:36:29,107892,local,5b501e4,D,R3D.40,D,NA
'00010',y,07-08-2020,09:36:29,119143,local,5b501e4,D,MR.53,B,NA
'00010',y,07-08-2020,09:36:29,127931,local,5b501e4,D,MR.50,E,NA
'00010',y,07-08-2020,09:36:29,139180,local,5b501e4,D,MR.48,C,NA
'00010',y,07-08-2020,09:36:29,142448,local,5b501e4,D,MR.56,B,NA
'00010',y,07-08-2020,09:36:29,147716,local,5b501e4,D,VR.04,3,4
'00010',y,07-08-2020,09:36:29,149474,local,5b501e4,D,VR.17,2,39
'00010',y,07-08-2020,09:36:29,153789,local,5b501e4,D,VR.42,6,Venus
'00010',y,07-08-2020,09:36:29,154905,local,5b501e4,D,VR.32,6,Tuesday
'00011',y,07-08-2020,09:33:07,841,United States,5b501e4,F,MR.47,B,NA
'00011',y,07-08-2020,09:33:07,1773,United States,5b501e4,F,MR.54,E,NA
'00011',y,07-08-2020,09:33:07,2667,United States,5b501e4,F,MR.46,A,NA
'00011',y,07-08-2020,09:33:07,6234,United States,5b501e4,F,MR.44,F,NA
'00011',y,07-08-2020,09:33:07,16845,United States,5b501e4,F,LN.34,2,U
'00011',y,07-08-2020,09:33:07,20138,United States,5b501e4,F,LN.33,6,J
'00011',y,07-08-2020,09:33:07,24300,United States,5b501e4,F,LN.03,6,55
'00011',y,07-08-2020,09:33:07,28204,United States,5b501e4,F,LN.35,2,S
'00011',y,07-08-2020,09:33:07,33557,United States,5b501e4,F,R3D.05,A,NA
'00011',y,07-08-2020,09:33:07,42990,United States,5b501e4,F,R3D.62,D,NA
'00011',y,07-08-2020,09:33:07,45372,United States,5b501e4,F,R3D.30,D,NA
'00011',y,07-08-2020,09:33:07,61816,United States,5b501e4,F,R3D.15,C,NA
'00011',y,07-08-2020,09:33:07,68507,United States,5b501e4,F,VR.17,4,47
'00011',y,07-08-2020,09:33:07,75988,United States,5b501e4,F,VR.32,4,Friday
'00011',y,07-08-2020,09:33:07,84469,United States,5b501e4,F,VR.18,3,May
'00011',y,07-08-2020,09:33:07,87181,United States,5b501e4,F,VR.26,1,Angry
'00012',y,07-08-2020,09:33:10,678,Philippines,5b501e4,E,LN.05,5,U
'00012',y,07-08-2020,09:33:10,1418,Philippines,5b501e4,E,LN.35,2,S
'00012',y,07-08-2020,09:33:10,2158,Philippines,5b501e4,E,LN.03,5,49
'00012',y,07-08-2020,09:33:10,5581,Philippines,5b501e4,E,LN.01,5,178
'00012',y,07-08-2020,09:33:10,16580,Philippines,5b501e4,E,R3D.14,C,NA
'00012',y,07-08-2020,09:33:10,23207,Philippines,5b501e4,E,R3D.64,F,NA
'00012',y,07-08-2020,09:33:10,27490,Philippines,5b501e4,E,R3D.42,D,NA
'00012',y,07-08-2020,09:33:10,32833,Philippines,5b501e4,E,R3D.13,C,NA
'00012',y,07-08-2020,09:33:10,42194,Philippines,5b501e4,E,VR.17,1,35
'00012',y,07-08-2020,09:33:10,44631,Philippines,5b501e4,E,VR.16,6,Zach is shorter than Matt
'00012',y,07-08-2020,09:33:10,61065,Philippines,5b501e4,E,VR.23,1,Buenos Aires
'00012',y,07-08-2020,09:33:10,67745,Philippines,5b501e4,E,VR.36,5,Dubious
'00012',y,07-08-2020,09:33:10,75582,Philippines,5b501e4,E,MR.45,F,NA
'00012',y,07-08-2020,09:33:10,83994,Philippines,5b501e4,E,MR.47,C,NA
'00012',y,07-08-2020,09:33:10,86463,Philippines,5b501e4,E,MR.43,B,NA
'00012',y,07-08-2020,09:33:10,88011,Philippines,5b501e4,E,MR.44,F,NA
'00013',y,07-08-2020,09:36:29,11319,India,5b501e4,C,MR.54,F,NA
'00013',y,07-08-2020,09:36:29,20629,India,5b501e4,C,MR.43,C,NA
'00013',y,07-08-2020,09:36:29,33572,India,5b501e4,C,MR.44,B,NA
'00013',y,07-08-2020,09:36:29,48960,India,5b501e4,C,MR.45,E,NA
'00013',y,07-08-2020,09:36:29,75555,India,5b501e4,C,LN.01,5,178
'00013',y,07-08-2020,09:36:29,85704,India,5b501e4,C,LN.33,6,J
'00013',y,07-08-2020,09:36:29,91021,India,5b501e4,C,LN.35,3,T
'00013',y,07-08-2020,09:36:29,107520,India,5b501e4,C,LN.03,1,37
'00013',y,07-08-2020,09:36:29,119136,India,5b501e4,C,VR.18,1,September
'00013',y,07-08-2020,09:36:29,128201,India,5b501e4,C,VR.26,1,Angry
'00013',y,07-08-2020,09:36:29,138822,India,5b501e4,C,VR.32,5,Sunday
'00013',y,07-08-2020,09:36:29,142088,India,5b501e4,C,VR.17,6,57
'00013',y,07-08-2020,09:36:29,147317,India,5b501e4,C,R3D.29,D,NA
'00013',y,07-08-2020,09:36:29,149105,India,5b501e4,C,R3D.63,E,NA
'00013',y,07-08-2020,09:36:29,153380,India,5b501e4,C,R3D.52,E,NA
'00013',y,07-08-2020,09:36:29,154525,India,5b501e4,C,R3D.21,E,NA
'00014',y,07-08-2020,09:36:28,17687,India,5b501e4,J,VR.42,4,Earth
'00014',y,07-08-2020,09:36:28,25958,India,5b501e4,J,VR.04,3,4
'00014',y,07-08-2020,09:36:28,42449,India,5b501e4,J,VR.26,6,Ungrateful
'00014',y,07-08-2020,09:36:28,52372,India,5b501e4,J,VR.17,2,39
'00014',y,07-08-2020,09:36:28,67066,India,5b501e4,J,R3D.53,A,NA
'00014',y,07-08-2020,09:36:28,91662,India,5b501e4,J,R3D.06,F,NA
'00014',y,07-08-2020,09:36:28,103794,India,5b501e4,J,R3D.52,F,NA
'00014',y,07-08-2020,09:36:28,109226,India,5b501e4,J,R3D.16,E,NA
'00014',y,07-08-2020,09:36:28,126598,India,5b501e4,J,MR.48,B,NA
'00014',y,07-08-2020,09:36:28,139968,India,5b501e4,J,MR.53,F,NA
'00014',y,07-08-2020,09:36:28,152416,India,5b501e4,J,MR.56,D,NA
'00014',y,07-08-2020,09:36:28,156897,India,5b501e4,J,MR.46,B,NA
'00014',y,07-08-2020,09:36:28,160171,India,5b501e4,J,LN.33,2,F
'00014',y,07-08-2020,09:36:28,165429,India,5b501e4,J,LN.03,5,49
'00014',y,07-08-2020,09:36:28,167246,India,5b501e4,J,LN.07,4,V
'00014',y,07-08-2020,09:36:28,171438,India,5b501e4,J,LN.06,2,E
'00015',y,07-08-2020,09:33:14,13820,United States,5b501e4,F,R3D.55,F,NA
'00015',y,07-08-2020,09:33:14,17103,United States,5b501e4,F,R3D.21,F,NA
'00015',y,07-08-2020,09:33:14,21305,United States,5b501e4,F,R3D.30,C,NA
'00015',y,07-08-2020,09:33:14,25215,United States,5b501e4,F,R3D.29,D,NA
'00015',y,07-08-2020,09:33:14,30548,United States,5b501e4,F,MR.48,B,NA
'00015',y,07-08-2020,09:33:14,39937,United States,5b501e4,F,MR.46,F,NA
'00015',y,07-08-2020,09:33:14,42199,United States,5b501e4,F,MR.55,B,NA
'00015',y,07-08-2020,09:33:14,58349,United States,5b501e4,F,MR.54,B,NA
'00015',y,07-08-2020,09:33:14,65479,United States,5b501e4,F,LN.35,3,T
'00015',y,07-08-2020,09:33:14,73308,United States,5b501e4,F,LN.07,1,S
'00015',y,07-08-2020,09:33:14,81499,United States,5b501e4,F,LN.34,6,Z
'00015',y,07-08-2020,09:33:14,84197,United States,5b501e4,F,LN.05,3,S
'00015',y,07-08-2020,09:33:14,85752,United States,5b501e4,F,VR.04,3,4
'00015',y,07-08-2020,09:33:14,86660,United States,5b501e4,F,VR.26,6,Ungrateful
'00015',y,07-08-2020,09:33:14,88948,United States,5b501e4,F,VR.13,6,140
'00015',y,07-08-2020,09:33:14,90982,United States,5b501e4,F,VR.36,5,Dubious
'00016',y,07-08-2020,09:33:54,4303,United Kingdom,5b501e4,E,R3D.24,F,NA
'00016',y,07-08-2020,09:33:54,9839,United Kingdom,5b501e4,E,R3D.46,E,NA
'00016',y,07-08-2020,09:33:54,18942,United Kingdom,5b501e4,E,R3D.06,B,NA
'00016',y,07-08-2020,09:33:54,21380,United Kingdom,5b501e4,E,R3D.13,A,NA
'00016',y,07-08-2020,09:33:54,37803,United Kingdom,5b501e4,E,MR.47,C,NA
'00016',y,07-08-2020,09:33:54,44504,United Kingdom,5b501e4,E,MR.46,B,NA
'00016',y,07-08-2020,09:33:54,52298,United Kingdom,5b501e4,E,MR.48,A,NA
'00016',y,07-08-2020,09:33:54,60498,United Kingdom,5b501e4,E,MR.50,C,NA
'00016',y,07-08-2020,09:33:54,63169,United Kingdom,5b501e4,E,LN.03,6,55
'00016',y,07-08-2020,09:33:54,65144,United Kingdom,5b501e4,E,LN.34,4,X
'00016',y,07-08-2020,09:33:54,67013,United Kingdom,5b501e4,E,LN.35,6,W
'00016',y,07-08-2020,09:33:54,69978,United Kingdom,5b501e4,E,LN.05,5,U
'00016',y,07-08-2020,09:33:54,76902,United Kingdom,5b501e4,E,VR.36,5,Dubious
'00016',y,07-08-2020,09:33:54,85184,United Kingdom,5b501e4,E,VR.31,3,Phillip is as tall as Isaac
'00016',y,07-08-2020,09:33:54,92591,United Kingdom,5b501e4,E,VR.13,5,132
'00016',y,07-08-2020,09:33:54,102250,United Kingdom,5b501e4,E,VR.39,6,24
'00017',y,07-08-2020,09:36:13,430,India,5b501e4,A,VR.18,4,August
'00017',y,07-08-2020,09:36:13,7102,India,5b501e4,A,VR.31,2,Phillip is shorter than Isaac
'00017',y,07-08-2020,09:36:13,15213,India,5b501e4,A,VR.26,3,Gracious
'00017',y,07-08-2020,09:36:13,22570,India,5b501e4,A,VR.04,4,5
'00017',y,07-08-2020,09:36:13,32105,India,5b501e4,A,LN.05,2,R
'00017',y,07-08-2020,09:36:13,40336,India,5b501e4,A,LN.33,3,G
'00017',y,07-08-2020,09:36:13,48564,India,5b501e4,A,LN.01,2,156
'00017',y,07-08-2020,09:36:13,61335,India,5b501e4,A,LN.35,5,V
'00017',y,07-08-2020,09:36:13,74285,India,5b501e4,A,MR.47,C,NA
'00017',y,07-08-2020,09:36:13,89665,India,5b501e4,A,MR.46,C,NA
'00017',y,07-08-2020,09:36:13,116217,India,5b501e4,A,MR.56,F,NA
'00017',y,07-08-2020,09:36:13,126417,India,5b501e4,A,MR.50,A,NA
'00017',y,07-08-2020,09:36:13,131735,India,5b501e4,A,R3D.41,F,NA
'00017',y,07-08-2020,09:36:13,148201,India,5b501e4,A,R3D.33,A,NA
'00017',y,07-08-2020,09:36:13,159837,India,5b501e4,A,R3D.54,F,NA
'00017',y,07-08-2020,09:36:13,169085,India,5b501e4,A,R3D.62,E,NA
'00018',y,07-08-2020,09:36:08,438,local,5b501e4,D,R3D.29,C,NA
'00018',y,07-08-2020,09:36:08,7216,local,5b501e4,D,R3D.19,C,NA
'00018',y,07-08-2020,09:36:08,15538,local,5b501e4,D,R3D.52,E,NA
'00018',y,07-08-2020,09:36:08,22621,local,5b501e4,D,R3D.11,E,NA
'00018',y,07-08-2020,09:36:08,32232,local,5b501e4,D,VR.19,5,Tuesday
'00018',y,07-08-2020,09:36:08,40764,local,5b501e4,D,VR.16,2,Richard is shorter than Matt
'00018',y,07-08-2020,09:36:08,51973,local,5b501e4,D,VR.09,3,Elm
'00018',y,07-08-2020,09:36:08,61335,local,5b501e4,D,VR.17,3,44
'00018',y,07-08-2020,09:36:08,75006,local,5b501e4,D,MR.55,F,NA
'00018',y,07-08-2020,09:36:08,92602,local,5b501e4,D,MR.47,A,NA
'00018',y,07-08-2020,09:36:08,116202,local,5b501e4,D,MR.43,D,NA
'00018',y,07-08-2020,09:36:08,126383,local,5b501e4,D,MR.53,C,NA
'00018',y,07-08-2020,09:36:08,131756,local,5b501e4,D,LN.33,1,E
'00018',y,07-08-2020,09:36:08,148213,local,5b501e4,D,LN.07,6,X
'00018',y,07-08-2020,09:36:08,159475,local,5b501e4,D,LN.58,2,H
'00018',y,07-08-2020,09:36:08,167802,local,5b501e4,D,LN.03,3,46
'00019',y,07-08-2020,09:36:23,16567,India,5b501e4,K,VR.11,4,Reserved
'00019',y,07-08-2020,09:36:23,24800,India,5b501e4,K,VR.04,2,3
'00019',y,07-08-2020,09:36:23,33045,India,5b501e4,K,VR.32,2,Saturday
'00019',y,07-08-2020,09:36:23,45795,India,5b501e4,K,VR.36,1,Suspicious
'00019',y,07-08-2020,09:36:23,59397,India,5b501e4,K,LN.35,3,T
'00019',y,07-08-2020,09:36:23,74138,India,5b501e4,K,LN.34,5,Y
'00019',y,07-08-2020,09:36:23,100685,India,5b501e4,K,LN.07,5,W
'00019',y,07-08-2020,09:36:23,110860,India,5b501e4,K,LN.58,4,N
'00019',y,07-08-2020,09:36:23,116163,India,5b501e4,K,MR.55,D,NA
'00019',y,07-08-2020,09:36:23,132658,India,5b501e4,K,MR.48,B,NA
'00019',y,07-08-2020,09:36:23,143110,India,5b501e4,K,MR.44,E,NA
'00019',y,07-08-2020,09:36:23,152263,India,5b501e4,K,MR.47,E,NA
'00019',y,07-08-2020,09:36:23,159568,India,5b501e4,K,R3D.43,B,NA
'00019',y,07-08-2020,09:36:23,164211,India,5b501e4,K,R3D.30,E,NA
'00019',y,07-08-2020,09:36:23,167297,India,5b501e4,K,R3D.60,A,NA
'00019',y,07-08-2020,09:36:23,172545,India,5b501e4,K,R3D.34,E,NA
'00020',y,07-08-2020,09:33:29,10760,United States,5b501e4,B,R3D.46,E,NA
'00020',y,07-08-2020,09:33:29,15282,United States,5b501e4,B,R3D.54,E,NA
'00020',y,07-08-2020,09:33:29,18368,United States,5b501e4,B,R3D.12,F,NA
'00020',y,07-08-2020,09:33:29,27283,United States,5b501e4,B,R3D.07,E,NA
'00020',y,07-08-2020,09:33:29,36661,United States,5b501e4,B,MR.56,E,NA
'00020',y,07-08-2020,09:33:29,38941,United States,5b501e4,B,MR.45,A,NA
'00020',y,07-08-2020,09:33:29,55075,United States,5b501e4,B,MR.43,A,NA
'00020',y,07-08-2020,09:33:29,62220,United States,5b501e4,B,MR.44,A,NA
'00020',y,07-08-2020,09:33:29,70042,United States,5b501e4,B,VR.09,2,Buckeye
'00020',y,07-08-2020,09:33:29,78229,United States,5b501e4,B,VR.19,2,Monday
'00020',y,07-08-2020,09:33:29,80942,United States,5b501e4,B,VR.11,2,Passionate
'00020',y,07-08-2020,09:33:29,82895,United States,5b501e4,B,VR.31,5,Isaac is taller than George
'00020',y,07-08-2020,09:33:29,84811,United States,5b501e4,B,LN.07,1,S
'00020',y,07-08-2020,09:33:29,87712,United States,5b501e4,B,LN.34,2,U
'00020',y,07-08-2020,09:33:29,88185,United States,5b501e4,B,LN.35,3,T
'00020',y,07-08-2020,09:33:29,94856,United States,5b501e4,B,LN.01,5,178
'00021',y,07-08-2020,09:36:17,8111,local,5b501e4,E,MR.44,B,NA
'00021',y,07-08-2020,09:36:17,15300,local,5b501e4,E,MR.56,B,NA
'00021',y,07-08-2020,09:36:17,24910,local,5b501e4,E,MR.43,F,NA
'00021',y,07-08-2020,09:36:17,33356,local,5b501e4,E,MR.45,A,NA
'00021',y,07-08-2020,09:36:17,41240,local,5b501e4,E,VR.31,5,Isaac is taller than George
'00021',y,07-08-2020,09:36:17,54015,local,5b501e4,E,VR.19,3,Wednesday
'00021',y,07-08-2020,09:36:17,66989,local,5b501e4,E,VR.17,6,57
'00021',y,07-08-2020,09:36:17,82366,local,5b501e4,E,VR.42,3,Pluto
'00021',y,07-08-2020,09:36:17,108954,local,5b501e4,E,R3D.01,A,NA
'00021',y,07-08-2020,09:36:17,119113,local,5b501e4,E,R3D.08,F,NA
'00021',y,07-08-2020,09:36:17,124419,local,5b501e4,E,R3D.34,C,NA
'00021',y,07-08-2020,09:36:17,140910,local,5b501e4,E,R3D.16,F,NA
'00021',y,07-08-2020,09:36:17,152524,local,5b501e4,E,LN.07,6,X
'00021',y,07-08-2020,09:36:17,161600,local,5b501e4,E,LN.58,5,M
'00021',y,07-08-2020,09:36:17,172238,local,5b501e4,E,LN.34,6,Z
'00021',y,07-08-2020,09:36:17,175494,local,5b501e4,E,LN.03,3,46
'00022',y,07-08-2020,09:35:20,7932,India,5b501e4,L,VR.14,5,11
'00022',y,07-08-2020,09:35:20,16275,India,5b501e4,L,VR.19,2,Monday
'00022',y,07-08-2020,09:35:20,18501,India,5b501e4,L,VR.16,1,Richard is taller than Matt
'00022',y,07-08-2020,09:35:20,20343,India,5b501e4,L,VR.13,2,93
'00022',y,07-08-2020,09:35:20,22249,India,5b501e4,L,LN.58,1,J
'00022',y,07-08-2020,09:35:20,25154,India,5b501e4,L,LN.34,6,Z
'00022',y,07-08-2020,09:35:20,32087,India,5b501e4,L,LN.01,5,178
'00022',y,07-08-2020,09:35:20,40375,India,5b501e4,L,LN.06,6,I
'00022',y,07-08-2020,09:35:20,47779,India,5b501e4,L,R3D.32,E,NA
'00022',y,07-08-2020,09:35:20,57318,India,5b501e4,L,R3D.07,A,NA
'00022',y,07-08-2020,09:35:20,65541,India,5b501e4,L,R3D.43,B,NA
'00022',y,07-08-2020,09:35:20,73791,India,5b501e4,L,R3D.26,F,NA
'00022',y,07-08-2020,09:35:20,86518,India,5b501e4,L,MR.50,A,NA
'00022',y,07-08-2020,09:35:20,99503,India,5b501e4,L,MR.55,F,NA
'00022',y,07-08-2020,09:35:20,114883,India,5b501e4,L,MR.48,A,NA
'00022',y,07-08-2020,09:35:20,141423,India,5b501e4,L,MR.46,B,NA
'00023',y,07-08-2020,09:36:27,8606,India,5b501e4,C,R3D.62,F,NA
'00023',y,07-08-2020,09:36:27,19880,India,5b501e4,C,R3D.51,D,NA
'00023',y,07-08-2020,09:36:27,33010,India,5b501e4,C,R3D.19,E,NA
'00023',y,07-08-2020,09:36:27,42927,India,5b501e4,C,R3D.38,E,NA
'00023',y,07-08-2020,09:36:27,60719,India,5b501e4,C,LN.33,1,E
'00023',y,07-08-2020,09:36:27,84151,India,5b501e4,C,LN.07,1,S
'00023',y,07-08-2020,09:36:27,94346,India,5b501e4,C,LN.01,5,178
'00023',y,07-08-2020,09:36:27,99667,India,5b501e4,C,LN.03,4,47
'00023',y,07-08-2020,09:36:27,116134,India,5b501e4,C,MR.47,C,NA
'00023',y,07-08-2020,09:36:27,127403,India,5b501e4,C,MR.44,E,NA
'00023',y,07-08-2020,09:36:27,130543,India,5b501e4,C,MR.46,B,NA
'00023',y,07-08-2020,09:36:27,142964,India,5b501e4,C,MR.48,A,NA
'00023',y,07-08-2020,09:36:27,147450,India,5b501e4,C,VR.23,1,Buenos Aires
'00023',y,07-08-2020,09:36:27,150738,India,5b501e4,C,VR.04,4,5
'00023',y,07-08-2020,09:36:27,155986,India,5b501e4,C,VR.36,5,Dubious
'00023',y,07-08-2020,09:36:27,157749,India,5b501e4,C,VR.11,6,Persistent
'00024',y,07-08-2020,09:33:54,6281,Philippines,5b501e4,E,VR.23,2,Melbourne
'00024',y,07-08-2020,09:33:54,11592,Philippines,5b501e4,E,VR.16,3,Richard is as tall as Matt
'00024',y,07-08-2020,09:33:54,20959,Philippines,5b501e4,E,VR.11,3,Mediocre
'00024',y,07-08-2020,09:33:54,23386,Philippines,5b501e4,E,VR.09,2,Buckeye
'00024',y,07-08-2020,09:33:54,39879,Philippines,5b501e4,E,LN.06,2,E
'00024',y,07-08-2020,09:33:54,46530,Philippines,5b501e4,E,LN.34,2,U
'00024',y,07-08-2020,09:33:54,54340,Philippines,5b501e4,E,LN.07,3,U
'00024',y,07-08-2020,09:33:54,62753,Philippines,5b501e4,E,LN.01,6,196
'00024',y,07-08-2020,09:33:54,65492,Philippines,5b501e4,E,MR.47,C,NA
'00024',y,07-08-2020,09:33:54,67373,Philippines,5b501e4,E,MR.43,A,NA
'00024',y,07-08-2020,09:33:54,69086,Philippines,5b501e4,E,MR.46,A,NA
'00024',y,07-08-2020,09:33:54,72203,Philippines,5b501e4,E,MR.55,B,NA
'00024',y,07-08-2020,09:33:54,78912,Philippines,5b501e4,E,R3D.45,D,NA
'00024',y,07-08-2020,09:33:54,87199,Philippines,5b501e4,E,R3D.25,B,NA
'00024',y,07-08-2020,09:33:54,94599,Philippines,5b501e4,E,R3D.12,C,NA
'00024',y,07-08-2020,09:33:54,104167,Philippines,5b501e4,E,R3D.01,E,NA
'00025',y,07-08-2020,09:34:05,5534,United States,5b501e4,D,MR.54,E,NA
'00025',y,07-08-2020,09:34:05,14702,United States,5b501e4,D,MR.48,E,NA
'00025',y,07-08-2020,09:34:05,17138,United States,5b501e4,D,MR.46,C,NA
'00025',y,07-08-2020,09:34:05,38870,United States,5b501e4,D,MR.50,E,NA
'00025',y,07-08-2020,09:34:05,45752,United States,5b501e4,D,LN.05,5,U
'00025',y,07-08-2020,09:34:05,56223,United States,5b501e4,D,LN.58,6,L
'00025',y,07-08-2020,09:34:05,58956,United States,5b501e4,D,LN.03,5,49
'00025',y,07-08-2020,09:34:05,60520,United States,5b501e4,D,LN.07,5,W
'00025',y,07-08-2020,09:34:05,62267,United States,5b501e4,D,VR.17,6,57
'00025',y,07-08-2020,09:34:05,63723,United States,5b501e4,D,VR.14,5,11
'00025',y,07-08-2020,09:34:05,65745,United States,5b501e4,D,VR.18,3,May
'00025',y,07-08-2020,09:34:05,72672,United States,5b501e4,D,VR.42,6,Venus
'00025',y,07-08-2020,09:34:05,80952,United States,5b501e4,D,R3D.25,D,NA
'00025',y,07-08-2020,09:34:05,88356,United States,5b501e4,D,R3D.05,B,NA
'00025',y,07-08-2020,09:34:05,98003,United States,5b501e4,D,R3D.52,F,NA
'00025',y,07-08-2020,09:34:05,106532,United States,5b501e4,D,R3D.65,F,NA
'00026',y,07-08-2020,09:35:25,8431,India,5b501e4,K,VR.26,4,Frustrated
'00026',y,07-08-2020,09:35:25,10885,India,5b501e4,K,VR.09,6,Sequoia
'00026',y,07-08-2020,09:35:25,12767,India,5b501e4,K,VR.04,1,2
'00026',y,07-08-2020,09:35:25,14657,India,5b501e4,K,VR.14,1,7
'00026',y,07-08-2020,09:35:25,17586,India,5b501e4,K,MR.43,F,NA
'00026',y,07-08-2020,09:35:25,24518,India,5b501e4,K,MR.48,F,NA
'00026',y,07-08-2020,09:35:25,32820,India,5b501e4,K,MR.46,A,NA
'00026',y,07-08-2020,09:35:25,40203,India,5b501e4,K,MR.55,B,NA
'00026',y,07-08-2020,09:35:25,49762,India,5b501e4,K,LN.33,5,I
'00026',y,07-08-2020,09:35:25,58387,India,5b501e4,K,LN.05,2,R
'00026',y,07-08-2020,09:35:25,66211,India,5b501e4,K,LN.06,4,G
'00026',y,07-08-2020,09:35:25,78962,India,5b501e4,K,LN.34,4,X
'00026',y,07-08-2020,09:35:25,92585,India,5b501e4,K,R3D.33,B,NA
'00026',y,07-08-2020,09:35:25,107305,India,5b501e4,K,R3D.58,A,NA
'00026',y,07-08-2020,09:35:25,133891,India,5b501e4,K,R3D.64,B,NA
'00026',y,07-08-2020,09:35:25,144065,India,5b501e4,K,R3D.11,E,NA
'00027',y,07-08-2020,09:33:07,955,United States,5b501e4,H,MR.54,F,NA
'00027',y,07-08-2020,09:33:07,2224,United States,5b501e4,H,MR.44,A,NA
'00027',y,07-08-2020,09:33:07,3674,United States,5b501e4,H,MR.43,D,NA
'00027',y,07-08-2020,09:33:07,4931,United States,5b501e4,H,MR.55,D,NA
'00027',y,07-08-2020,09:33:07,5667,United States,5b501e4,H,VR.18,4,August
'00027',y,07-08-2020,09:33:07,9354,United States,5b501e4,H,VR.23,2,Melbourne
'00027',y,07-08-2020,09:33:07,20049,United States,5b501e4,H,VR.39,2,18
'00027',y,07-08-2020,09:33:07,24697,United States,5b501e4,H,VR.16,1,Richard is taller than Matt
'00027',y,07-08-2020,09:33:07,31325,United States,5b501e4,H,LN.07,5,W
'00027',y,07-08-2020,09:33:07,36706,United States,5b501e4,H,LN.35,3,T
'00027',y,07-08-2020,09:33:07,46092,United States,5b501e4,H,LN.03,1,37
'00027',y,07-08-2020,09:33:07,48539,United States,5b501e4,H,LN.58,4,N
'00027',y,07-08-2020,09:33:07,65027,United States,5b501e4,H,R3D.27,B,NA
'00027',y,07-08-2020,09:33:07,71752,United States,5b501e4,H,R3D.57,E,NA
'00027',y,07-08-2020,09:33:07,79514,United States,5b501e4,H,R3D.28,D,NA
'00027',y,07-08-2020,09:33:07,87900,United States,5b501e4,H,R3D.07,D,NA
'00028',y,07-08-2020,09:36:28,18042,United States,5b501e4,C,VR.23,3,Seattle
'00028',y,07-08-2020,09:36:28,25937,United States,5b501e4,C,VR.36,6,Genuine
'00028',y,07-08-2020,09:36:28,38729,United States,5b501e4,C,VR.09,3,Elm
'00028',y,07-08-2020,09:36:28,51665,United States,5b501e4,C,VR.13,4,128
'00028',y,07-08-2020,09:36:28,67024,United States,5b501e4,C,MR.55,F,NA
'00028',y,07-08-2020,09:36:28,93585,United States,5b501e4,C,MR.46,A,NA
'00028',y,07-08-2020,09:36:28,103813,United States,5b501e4,C,MR.44,A,NA
'00028',y,07-08-2020,09:36:28,109134,United States,5b501e4,C,MR.54,A,NA
'00028',y,07-08-2020,09:36:28,126586,United States,5b501e4,C,R3D.29,B,NA
'00028',y,07-08-2020,09:36:28,137215,United States,5b501e4,C,R3D.61,E,NA
'00028',y,07-08-2020,09:36:28,146454,United States,5b501e4,C,R3D.48,A,NA
'00028',y,07-08-2020,09:36:28,156888,United States,5b501e4,C,R3D.16,F,NA
'00028',y,07-08-2020,09:36:28,160171,United States,5b501e4,C,LN.07,1,S
'00028',y,07-08-2020,09:36:28,165423,United States,5b501e4,C,LN.35,3,T
'00028',y,07-08-2020,09:36:28,167179,United States,5b501e4,C,LN.03,1,37
'00028',y,07-08-2020,09:36:28,171416,United States,5b501e4,C,LN.06,6,I
'00029',y,07-08-2020,09:33:07,859,local,5b501e4,G,R3D.31,D,NA
'00029',y,07-08-2020,09:33:07,1775,local,5b501e4,G,R3D.07,B,NA
'00029',y,07-08-2020,09:33:07,2664,local,5b501e4,G,R3D.17,D,NA
'00029',y,07-08-2020,09:33:07,6226,local,5b501e4,G,R3D.24,F,NA
'00029',y,07-08-2020,09:33:07,16849,local,5b501e4,G,VR.19,4,Saturday
'00029',y,07-08-2020,09:33:07,20128,local,5b501e4,G,VR.04,4,5
'00029',y,07-08-2020,09:33:07,24295,local,5b501e4,G,VR.26,1,Angry
'00029',y,07-08-2020,09:33:07,28203,local,5b501e4,G,VR.17,2,39
'00029',y,07-08-2020,09:33:07,33540,local,5b501e4,G,LN.34,1,T
'00029',y,07-08-2020,09:33:07,42908,local,5b501e4,G,LN.33,4,H
'00029',y,07-08-2020,09:33:07,45359,local,5b501e4,G,LN.01,3,162
'00029',y,07-08-2020,09:33:07,61339,local,5b501e4,G,LN.06,1,D
'00029',y,07-08-2020,09:33:07,68468,local,5b501e4,G,MR.55,C,NA
'00029',y,07-08-2020,09:33:07,76311,local,5b501e4,G,MR.44,D,NA
'00029',y,07-08-2020,09:33:07,84732,local,5b501e4,G,MR.56,B,NA
'00029',y,07-08-2020,09:33:07,87197,local,5b501e4,G,MR.50,E,NA
'00030',y,07-08-2020,09:36:16,8174,United States,5b501e4,D,R3D.51,A,NA
'00030',y,07-08-2020,09:36:16,15481,United States,5b501e4,D,R3D.24,B,NA
'00030',y,07-08-2020,09:36:16,25009,United States,5b501e4,D,R3D.54,E,NA
'00030',y,07-08-2020,09:36:16,33669,United States,5b501e4,D,R3D.21,C,NA
'00030',y,07-08-2020,09:36:16,44874,United States,5b501e4,D,VR.19,4,Saturday
'00030',y,07-08-2020,09:36:16,57952,United States,5b501e4,D,VR.42,5,Mars
'00030',y,07-08-2020,09:36:16,67882,United States,5b501e4,D,VR.32,6,Tuesday
'00030',y,07-08-2020,09:36:16,85657,United States,5b501e4,D,VR.39,1,16
'00030',y,07-08-2020,09:36:16,109082,United States,5b501e4,D,MR.54,D,NA
'00030',y,07-08-2020,09:36:16,119263,United States,5b501e4,D,MR.43,E,NA
'00030',y,07-08-2020,09:36:16,124583,United States,5b501e4,D,MR.48,A,NA
'00030',y,07-08-2020,09:36:16,141102,United States,5b501e4,D,MR.50,B,NA
'00030',y,07-08-2020,09:36:16,152350,United States,5b501e4,D,LN.58,6,L
'00030',y,07-08-2020,09:36:16,160679,United States,5b501e4,D,LN.34,6,Z
'00030',y,07-08-2020,09:36:16,167922,United States,5b501e4,D,LN.35,1,R
'00030',y,07-08-2020,09:36:16,172634,United States,5b501e4,D,LN.05,6,V
'00031',y,07-08-2020,09:36:08,424,United States,5b501e4,D,VR.14,3,9
'00031',y,07-08-2020,09:36:08,7091,United States,5b501e4,D,VR.39,5,22
'00031',y,07-08-2020,09:36:08,15175,United States,5b501e4,D,VR.26,6,Ungrateful
'00031',y,07-08-2020,09:36:08,22572,United States,5b501e4,D,VR.18,6,April
'00031',y,07-08-2020,09:36:08,32117,United States,5b501e4,D,MR.54,A,NA
'00031',y,07-08-2020,09:36:08,40767,United States,5b501e4,D,MR.48,E,NA
'00031',y,07-08-2020,09:36:08,51973,United States,5b501e4,D,MR.45,B,NA
'00031',y,07-08-2020,09:36:08,61353,United States,5b501e4,D,MR.43,B,NA
'00031',y,07-08-2020,09:36:08,74294,United States,5b501e4,D,R3D.32,C,NA
'00031',y,07-08-2020,09:36:08,89664,United States,5b501e4,D,R3D.23,B,NA
'00031',y,07-08-2020,09:36:08,116255,United States,5b501e4,D,R3D.01,D,NA
'00031',y,07-08-2020,09:36:08,126419,United States,5b501e4,D,R3D.19,C,NA
'00031',y,07-08-2020,09:36:08,131705,United States,5b501e4,D,LN.03,1,37
'00031',y,07-08-2020,09:36:08,148197,United States,5b501e4,D,LN.33,5,I
'00031',y,07-08-2020,09:36:08,159825,United States,5b501e4,D,LN.58,5,M
'00031',y,07-08-2020,09:36:08,168722,United States,5b501e4,D,LN.05,5,U
'00032',y,07-08-2020,09:36:16,8061,India,5b501e4,B,VR.42,1,Jupiter
'00032',y,07-08-2020,09:36:16,15369,India,5b501e4,B,VR.14,6,12
'00032',y,07-08-2020,09:36:16,24921,India,5b501e4,B,VR.26,3,Gracious
'00032',y,07-08-2020,09:36:16,33461,India,5b501e4,B,VR.13,5,132
'00032',y,07-08-2020,09:36:16,44674,India,5b501e4,B,LN.05,5,U
'00032',y,07-08-2020,09:36:16,57764,India,5b501e4,B,LN.35,5,V
'00032',y,07-08-2020,09:36:16,67636,India,5b501e4,B,LN.34,4,X
'00032',y,07-08-2020,09:36:16,82388,India,5b501e4,B,LN.58,2,H
'00032',y,07-08-2020,09:36:16,106971,India,5b501e4,B,R3D.60,E,NA
'00032',y,07-08-2020,09:36:16,119131,India,5b501e4,B,R3D.55,F,NA
'00032',y,07-08-2020,09:36:16,124466,India,5b501e4,B,R3D.45,A,NA
'00032',y,07-08-2020,09:36:16,140929,India,5b501e4,B,R3D.65,E,NA
'00032',y,07-08-2020,09:36:16,152172,India,5b501e4,B,MR.47,E,NA
'00032',y,07-08-2020,09:36:16,160503,India,5b501e4,B,MR.53,C,NA
'00032',y,07-08-2020,09:36:16,167752,India,5b501e4,B,MR.44,E,NA
'00032',y,07-08-2020,09:36:16,172469,India,5b501e4,B,MR.46,A,NA
'00033',y,07-08-2020,09:33:29,10988,United States,5b501e4,F,R3D.12,E,NA
'00033',y,07-08-2020,09:33:29,15720,United States,5b501e4,F,R3D.17,F,NA
'00033',y,07-08-2020,09:33:29,21930,United States,5b501e4,F,R3D.34,A,NA
'00033',y,07-08-2020,09:33:29,27308,United States,5b501e4,F,R3D.48,C,NA
'00033',y,07-08-2020,09:33:29,36689,United States,5b501e4,F,MR.54,F,NA
'00033',y,07-08-2020,09:33:29,39101,United States,5b501e4,F,MR.56,C,NA
'00033',y,07-08-2020,09:33:29,55083,United States,5b501e4,F,MR.45,B,NA
'00033',y,07-08-2020,09:33:29,62217,United States,5b501e4,F,MR.55,D,NA
'00033',y,07-08-2020,09:33:29,70047,United States,5b501e4,F,VR.36,4,Intelligent
'00033',y,07-08-2020,09:33:29,78244,United States,5b501e4,F,VR.32,2,Saturday
'00033',y,07-08-2020,09:33:29,80929,United States,5b501e4,F,VR.18,4,August
'00033',y,07-08-2020,09:33:29,81493,United States,5b501e4,F,VR.14,1,7
'00033',y,07-08-2020,09:33:29,83060,United States,5b501e4,F,LN.35,2,S
'00033',y,07-08-2020,09:33:29,84812,United States,5b501e4,F,LN.06,1,D
'00033',y,07-08-2020,09:33:29,87722,United States,5b501e4,F,LN.34,2,U
'00033',y,07-08-2020,09:33:29,94651,United States,5b501e4,F,LN.03,1,37
'00034',y,07-08-2020,09:35:25,8273,United States,5b501e4,B,VR.23,4,Cairo
'00034',y,07-08-2020,09:35:25,10520,United States,5b501e4,B,VR.16,1,Richard is taller than Matt
'00034',y,07-08-2020,09:35:25,12359,United States,5b501e4,B,VR.17,6,57
'00034',y,07-08-2020,09:35:25,14247,United States,5b501e4,B,VR.26,2,Sociable
'00034',y,07-08-2020,09:35:25,17191,United States,5b501e4,B,LN.01,4,169
'00034',y,07-08-2020,09:35:25,24112,United States,5b501e4,B,LN.35,3,T
'00034',y,07-08-2020,09:35:25,32399,United States,5b501e4,B,LN.34,4,X
'00034',y,07-08-2020,09:35:25,39804,United States,5b501e4,B,LN.05,5,U
'00034',y,07-08-2020,09:35:25,49349,United States,5b501e4,B,R3D.03,E,NA
'00034',y,07-08-2020,09:35:25,58018,United States,5b501e4,B,R3D.18,E,NA
'00034',y,07-08-2020,09:35:25,69250,United States,5b501e4,B,R3D.42,E,NA
'00034',y,07-08-2020,09:35:25,82295,United States,5b501e4,B,R3D.06,C,NA
'00034',y,07-08-2020,09:35:25,92165,United States,5b501e4,B,MR.44,F,NA
'00034',y,07-08-2020,09:35:25,106910,United States,5b501e4,B,MR.55,A,NA
'00034',y,07-08-2020,09:35:25,133433,United States,5b501e4,B,MR.56,C,NA
'00034',y,07-08-2020,09:35:25,143617,United States,5b501e4,B,MR.50,B,NA
'00035',y,07-08-2020,09:36:28,8638,United Kingdom,5b501e4,J,LN.06,3,F
'00035',y,07-08-2020,09:36:28,16502,United Kingdom,5b501e4,J,LN.58,3,I
'00035',y,07-08-2020,09:36:28,29246,United Kingdom,5b501e4,J,LN.01,3,162
'00035',y,07-08-2020,09:36:28,42230,United Kingdom,5b501e4,J,LN.33,5,I
'00035',y,07-08-2020,09:36:28,57610,United Kingdom,5b501e4,J,MR.56,B,NA
'00035',y,07-08-2020,09:36:28,84141,United Kingdom,5b501e4,J,MR.43,B,NA
'00035',y,07-08-2020,09:36:28,94324,United Kingdom,5b501e4,J,MR.50,B,NA
'00035',y,07-08-2020,09:36:28,99648,United Kingdom,5b501e4,J,MR.53,F,NA
'00035',y,07-08-2020,09:36:28,116163,United Kingdom,5b501e4,J,VR.18,5,June
'00035',y,07-08-2020,09:36:28,127763,United Kingdom,5b501e4,J,VR.19,5,Tuesday
'00035',y,07-08-2020,09:36:28,136662,United Kingdom,5b501e4,J,VR.11,3,Mediocre
'00035',y,07-08-2020,09:36:28,147475,United Kingdom,5b501e4,J,VR.31,6,George is taller than Phillip
'00035',y,07-08-2020,09:36:28,150722,United Kingdom,5b501e4,J,R3D.59,E,NA
'00035',y,07-08-2020,09:36:28,155979,United Kingdom,5b501e4,J,R3D.16,A,NA
'00035',y,07-08-2020,09:36:28,157736,United Kingdom,5b501e4,J,R3D.62,B,NA
'00035',y,07-08-2020,09:36:28,162004,United Kingdom,5b501e4,J,R3D.18,C,NA
'00036',y,07-08-2020,09:33:11,808,United States,5b501e4,B,R3D.09,E,NA
'00036',y,07-08-2020,09:33:11,1608,United States,5b501e4,B,R3D.06,E,NA
'00036',y,07-08-2020,09:33:11,4989,United States,5b501e4,B,R3D.30,B,NA
'00036',y,07-08-2020,09:33:11,15956,United States,5b501e4,B,R3D.47,C,NA
'00036',y,07-08-2020,09:33:11,22627,United States,5b501e4,B,VR.23,5,Morocco
'00036',y,07-08-2020,09:33:11,26908,United States,5b501e4,B,VR.16,2,Richard is shorter than Matt
'00036',y,07-08-2020,09:33:11,32272,United States,5b501e4,B,VR.26,4,Frustrated
'00036',y,07-08-2020,09:33:11,41621,United States,5b501e4,B,VR.04,1,2
'00036',y,07-08-2020,09:33:11,44061,United States,5b501e4,B,MR.50,E,NA
'00036',y,07-08-2020,09:33:11,60048,United States,5b501e4,B,MR.46,E,NA
'00036',y,07-08-2020,09:33:11,67178,United States,5b501e4,B,MR.44,E,NA
'00036',y,07-08-2020,09:33:11,74689,United States,5b501e4,B,MR.53,F,NA
'00036',y,07-08-2020,09:33:11,83184,United States,5b501e4,B,LN.34,2,U
'00036',y,07-08-2020,09:33:11,85886,United States,5b501e4,B,LN.33,6,J
'00036',y,07-08-2020,09:33:11,86431,United States,5b501e4,B,LN.06,1,D
'00036',y,07-08-2020,09:33:11,88000,United States,5b501e4,B,LN.07,4,V
'00037',y,07-08-2020,09:33:14,771,United States,5b501e4,G,R3D.05,B,NA
'00037',y,07-08-2020,09:33:14,4448,United States,5b501e4,G,R3D.42,C,NA
'00037',y,07-08-2020,09:33:14,17877,United States,5b501e4,G,R3D.17,E,NA
'00037',y,07-08-2020,09:33:14,22137,United States,5b501e4,G,R3D.13,D,NA
'00037',y,07-08-2020,09:33:14,26389,United States,5b501e4,G,VR.32,5,Sunday
'00037',y,07-08-2020,09:33:14,31732,United States,5b501e4,G,VR.19,1,Friday
'00037',y,07-08-2020,09:33:14,41124,United States,5b501e4,G,VR.17,5,53
'00037',y,07-08-2020,09:33:14,43548,United States,5b501e4,G,VR.42,3,Pluto
'00037',y,07-08-2020,09:33:14,65525,United States,5b501e4,G,MR.46,A,NA
'00037',y,07-08-2020,09:33:14,71870,United States,5b501e4,G,MR.48,C,NA
'00037',y,07-08-2020,09:33:14,82629,United States,5b501e4,G,MR.50,C,NA
'00037',y,07-08-2020,09:33:14,84426,United States,5b501e4,G,MR.56,D,NA
'00037',y,07-08-2020,09:33:14,85880,United States,5b501e4,G,LN.01,5,178
'00037',y,07-08-2020,09:33:14,87368,United States,5b501e4,G,LN.33,4,H
'00037',y,07-08-2020,09:33:14,89231,United States,5b501e4,G,LN.05,5,U
'00037',y,07-08-2020,09:33:14,92158,United States,5b501e4,G,LN.07,4,V
'00038',y,07-08-2020,09:36:01,2435,United Kingdom,5b501e4,K,LN.58,1,J
'00038',y,07-08-2020,09:36:01,4636,United Kingdom,5b501e4,K,LN.34,3,V
'00038',y,07-08-2020,09:36:01,11499,United Kingdom,5b501e4,K,LN.03,4,47
'00038',y,07-08-2020,09:36:01,19597,United Kingdom,5b501e4,K,LN.01,1,154
'00038',y,07-08-2020,09:36:01,26974,United Kingdom,5b501e4,K,MR.45,F,NA
'00038',y,07-08-2020,09:36:01,36638,United Kingdom,5b501e4,K,MR.56,B,NA
'00038',y,07-08-2020,09:36:01,45198,United Kingdom,5b501e4,K,MR.53,F,NA
'00038',y,07-08-2020,09:36:01,56403,United Kingdom,5b501e4,K,MR.54,D,NA
'00038',y,07-08-2020,09:36:01,65761,United Kingdom,5b501e4,K,R3D.21,A,NA
'00038',y,07-08-2020,09:36:01,78690,United Kingdom,5b501e4,K,R3D.52,D,NA
'00038',y,07-08-2020,09:36:01,94080,United Kingdom,5b501e4,K,R3D.63,F,NA
'00038',y,07-08-2020,09:36:01,120676,United Kingdom,5b501e4,K,R3D.22,E,NA
'00038',y,07-08-2020,09:36:01,130842,United Kingdom,5b501e4,K,VR.18,2,July
'00038',y,07-08-2020,09:36:01,136122,United Kingdom,5b501e4,K,VR.36,2,Vague
'00038',y,07-08-2020,09:36:01,152839,United Kingdom,5b501e4,K,VR.14,1,7
'00038',y,07-08-2020,09:36:01,164230,United Kingdom,5b501e4,K,VR.39,1,16
'00039',y,07-08-2020,09:36:16,8162,India,5b501e4,G,MR.54,B,NA
'00039',y,07-08-2020,09:36:16,15441,India,5b501e4,G,MR.46,C,NA
'00039',y,07-08-2020,09:36:16,25055,India,5b501e4,G,MR.56,E,NA
'00039',y,07-08-2020,09:36:16,33601,India,5b501e4,G,MR.47,C,NA
'00039',y,07-08-2020,09:36:16,44813,India,5b501e4,G,R3D.43,A,NA
'00039',y,07-08-2020,09:36:16,57904,India,5b501e4,G,R3D.39,C,NA
'00039',y,07-08-2020,09:36:16,67845,India,5b501e4,G,R3D.36,A,NA
'00039',y,07-08-2020,09:36:16,85644,India,5b501e4,G,R3D.41,E,NA
'00039',y,07-08-2020,09:36:16,109092,India,5b501e4,G,LN.05,1,Q
'00039',y,07-08-2020,09:36:16,119251,India,5b501e4,G,LN.06,5,H
'00039',y,07-08-2020,09:36:16,124561,India,5b501e4,G,LN.33,5,I
'00039',y,07-08-2020,09:36:16,142047,India,5b501e4,G,LN.34,3,V
'00039',y,07-08-2020,09:36:16,152311,India,5b501e4,G,VR.14,2,8
'00039',y,07-08-2020,09:36:16,155444,India,5b501e4,G,VR.42,2,Saturn
'00039',y,07-08-2020,09:36:16,167896,India,5b501e4,G,VR.04,2,3
'00039',y,07-08-2020,09:36:16,172594,India,5b501e4,G,VR.19,4,Saturday
'00040',y,07-08-2020,13:14:56,909,United States,5b501e4,G,VR.19,7,None of these
'00040',y,07-08-2020,13:14:56,2683,United States,5b501e4,G,VR.13,7,None of these
'00040',y,07-08-2020,13:14:56,4915,United States,5b501e4,G,VR.23,5,Morocco
'00040',y,07-08-2020,13:14:56,7077,United States,5b501e4,G,VR.17,8,I don’t know
'00040',y,07-08-2020,13:14:56,9020,United States,5b501e4,G,R3D.44,E,NA
'00040',y,07-08-2020,13:14:56,11707,United States,5b501e4,G,R3D.15,F,NA
'00040',y,07-08-2020,13:14:56,13369,United States,5b501e4,G,R3D.02,F,NA
'00040',y,07-08-2020,13:14:56,14673,United States,5b501e4,G,R3D.28,F,NA
'00040',y,07-08-2020,13:14:56,16104,United States,5b501e4,G,MR.43,D,NA
'00040',y,07-08-2020,13:14:56,17577,United States,5b501e4,G,MR.54,D,NA
'00040',y,07-08-2020,13:14:56,19080,United States,5b501e4,G,MR.44,D,NA
'00040',y,07-08-2020,13:14:56,20487,United States,5b501e4,G,MR.47,D,NA
'00040',y,07-08-2020,13:14:56,22538,United States,5b501e4,G,LN.07,8,I don’t know
'00040',y,07-08-2020,13:14:56,24074,United States,5b501e4,G,LN.34,8,I don’t know
'00040',y,07-08-2020,13:14:56,25608,United States,5b501e4,G,LN.33,8,I don’t know
'00040',y,07-08-2020,13:14:56,27139,United States,5b501e4,G,LN.35,8,I don’t know
'00041',y,07-08-2020,09:33:13,879,United Kingdom,5b501e4,G,LN.34,4,X
'00041',y,07-08-2020,09:33:13,4171,United Kingdom,5b501e4,G,LN.07,1,S
'00041',y,07-08-2020,09:33:13,17490,United Kingdom,5b501e4,G,LN.01,5,178
'00041',y,07-08-2020,09:33:13,21735,United Kingdom,5b501e4,G,LN.58,5,M
'00041',y,07-08-2020,09:33:13,26031,United Kingdom,5b501e4,G,R3D.27,F,NA
'00041',y,07-08-2020,09:33:13,31353,United Kingdom,5b501e4,G,R3D.50,E,NA
'00041',y,07-08-2020,09:33:13,40702,United Kingdom,5b501e4,G,R3D.49,F,NA
'00041',y,07-08-2020,09:33:13,43158,United Kingdom,5b501e4,G,R3D.18,E,NA
'00041',y,07-08-2020,09:33:13,59141,United Kingdom,5b501e4,G,MR.47,C,NA
'00041',y,07-08-2020,09:33:13,66251,United Kingdom,5b501e4,G,MR.46,C,NA
'00041',y,07-08-2020,09:33:13,73781,United Kingdom,5b501e4,G,MR.50,E,NA
'00041',y,07-08-2020,09:33:13,82270,United Kingdom,5b501e4,G,MR.53,B,NA
'00041',y,07-08-2020,09:33:13,84980,United Kingdom,5b501e4,G,VR.09,5,Hickory
'00041',y,07-08-2020,09:33:13,86538,United Kingdom,5b501e4,G,VR.04,6,7
'00041',y,07-08-2020,09:33:13,88288,United Kingdom,5b501e4,G,VR.23,1,Buenos Aires
'00041',y,07-08-2020,09:33:13,89746,United Kingdom,5b501e4,G,VR.13,2,93
'00042',y,07-08-2020,09:36:15,440,India,5b501e4,F,LN.05,2,R
'00042',y,07-08-2020,09:36:15,7215,India,5b501e4,F,LN.35,5,V
'00042',y,07-08-2020,09:36:15,15602,India,5b501e4,F,LN.34,5,Y
'00042',y,07-08-2020,09:36:15,23007,India,5b501e4,F,LN.07,1,S
'00042',y,07-08-2020,09:36:15,40331,India,5b501e4,F,R3D.07,F,NA
'00042',y,07-08-2020,09:36:15,48547,India,5b501e4,F,R3D.65,E,NA
'00042',y,07-08-2020,09:36:15,61324,India,5b501e4,F,R3D.50,B,NA
'00042',y,07-08-2020,09:36:15,74288,India,5b501e4,F,R3D.48,A,NA
'00042',y,07-08-2020,09:36:15,89649,India,5b501e4,F,VR.36,3,Unequivocal
'00042',y,07-08-2020,09:36:15,116205,India,5b501e4,F,VR.18,4,August
'00042',y,07-08-2020,09:36:15,126414,India,5b501e4,F,VR.13,4,128
'00042',y,07-08-2020,09:36:15,131731,India,5b501e4,F,VR.09,3,Elm
'00042',y,07-08-2020,09:36:15,149220,India,5b501e4,F,MR.46,B,NA
'00042',y,07-08-2020,09:36:15,159911,India,5b501e4,F,MR.45,C,NA
'00042',y,07-08-2020,09:36:15,169081,India,5b501e4,F,MR.56,B,NA
'00042',y,07-08-2020,09:36:15,179514,India,5b501e4,F,MR.44,A,NA
'00043',y,07-08-2020,09:36:17,8075,United States,5b501e4,F,VR.13,5,132
'00043',y,07-08-2020,09:36:17,15298,United States,5b501e4,F,VR.04,5,6
'00043',y,07-08-2020,09:36:17,24922,United States,5b501e4,F,VR.16,1,Richard is taller than Matt
'00043',y,07-08-2020,09:36:17,33496,United States,5b501e4,F,VR.31,2,Phillip is shorter than Isaac
'00043',y,07-08-2020,09:36:17,44698,United States,5b501e4,F,MR.53,E,NA
'00043',y,07-08-2020,09:36:17,54047,United States,5b501e4,F,MR.43,C,NA
'00043',y,07-08-2020,09:36:17,66974,United States,5b501e4,F,MR.54,D,NA
'00043',y,07-08-2020,09:36:17,82370,United States,5b501e4,F,MR.45,A,NA
'00043',y,07-08-2020,09:36:17,108912,United States,5b501e4,F,LN.07,2,T
'00043',y,07-08-2020,09:36:17,119111,United States,5b501e4,F,LN.05,4,T
'00043',y,07-08-2020,09:36:17,124409,United States,5b501e4,F,LN.01,2,156
'00043',y,07-08-2020,09:36:17,140912,United States,5b501e4,F,LN.58,3,I
'00043',y,07-08-2020,09:36:17,152522,United States,5b501e4,F,R3D.10,E,NA
'00043',y,07-08-2020,09:36:17,161607,United States,5b501e4,F,R3D.02,E,NA
'00043',y,07-08-2020,09:36:17,172224,United States,5b501e4,F,R3D.32,A,NA
'00043',y,07-08-2020,09:36:17,175478,United States,5b501e4,F,R3D.58,A,NA
'00044',y,07-08-2020,09:36:01,2393,India,5b501e4,I,R3D.10,E,NA
'00044',y,07-08-2020,09:36:01,4597,India,5b501e4,I,R3D.39,D,NA
'00044',y,07-08-2020,09:36:01,11252,India,5b501e4,I,R3D.40,F,NA
'00044',y,07-08-2020,09:36:01,19535,India,5b501e4,I,R3D.28,E,NA
'00044',y,07-08-2020,09:36:01,26933,India,5b501e4,I,VR.18,2,July
'00044',y,07-08-2020,09:36:01,36467,India,5b501e4,I,VR.19,6,Sunday
'00044',y,07-08-2020,09:36:01,44712,India,5b501e4,I,VR.09,3,Elm
'00044',y,07-08-2020,09:36:01,52908,India,5b501e4,I,VR.11,2,Passionate
'00044',y,07-08-2020,09:36:01,65692,India,5b501e4,I,MR.46,C,NA
'00044',y,07-08-2020,09:36:01,79300,India,5b501e4,I,MR.45,D,NA
'00044',y,07-08-2020,09:36:01,94044,India,5b501e4,I,MR.55,D,NA
'00044',y,07-08-2020,09:36:01,118638,India,5b501e4,I,MR.48,D,NA
'00044',y,07-08-2020,09:36:01,130741,India,5b501e4,I,LN.58,6,L
'00044',y,07-08-2020,09:36:01,136070,India,5b501e4,I,LN.01,6,196
'00044',y,07-08-2020,09:36:01,152589,India,5b501e4,I,LN.34,1,T
'00044',y,07-08-2020,09:36:01,164184,India,5b501e4,I,LN.33,2,F
'00045',y,07-08-2020,09:33:13,861,India,5b501e4,G,R3D.06,E,NA
'00045',y,07-08-2020,09:33:13,4099,India,5b501e4,G,R3D.05,A,NA
'00045',y,07-08-2020,09:33:13,17526,India,5b501e4,G,R3D.49,F,NA
'00045',y,07-08-2020,09:33:13,21741,India,5b501e4,G,R3D.12,F,NA
'00045',y,07-08-2020,09:33:13,26022,India,5b501e4,G,VR.13,3,98
'00045',y,07-08-2020,09:33:13,40763,India,5b501e4,G,VR.42,2,Saturn
'00045',y,07-08-2020,09:33:13,43189,India,5b501e4,G,VR.36,4,Intelligent
'00045',y,07-08-2020,09:33:13,59167,India,5b501e4,G,MR.46,A,NA
'00045',y,07-08-2020,09:33:13,66276,India,5b501e4,G,MR.56,E,NA
'00045',y,07-08-2020,09:33:13,73806,India,5b501e4,G,MR.53,B,NA
'00045',y,07-08-2020,09:33:13,82307,India,5b501e4,G,MR.48,A,NA
'00045',y,07-08-2020,09:33:13,85009,India,5b501e4,G,LN.35,1,R
'00045',y,07-08-2020,09:33:13,86529,India,5b501e4,G,LN.34,5,Y
'00045',y,07-08-2020,09:33:13,88310,India,5b501e4,G,LN.05,6,V
'00045',y,07-08-2020,09:33:13,89774,India,5b501e4,G,LN.07,2,T
'00046',y,07-08-2020,09:36:28,8632,United States,5b501e4,K,VR.19,5,Tuesday
'00046',y,07-08-2020,09:36:28,16490,United States,5b501e4,K,VR.36,1,Suspicious
'00046',y,07-08-2020,09:36:28,29260,United States,5b501e4,K,VR.23,1,Buenos Aires
'00046',y,07-08-2020,09:36:28,42216,United States,5b501e4,K,VR.42,5,Mars
'00046',y,07-08-2020,09:36:28,57575,United States,5b501e4,K,R3D.41,E,NA
'00046',y,07-08-2020,09:36:28,84110,United States,5b501e4,K,R3D.59,C,NA
'00046',y,07-08-2020,09:36:28,94400,United States,5b501e4,K,R3D.35,A,NA
'00046',y,07-08-2020,09:36:28,99687,United States,5b501e4,K,R3D.19,A,NA
'00046',y,07-08-2020,09:36:28,116139,United States,5b501e4,K,MR.46,C,NA
'00046',y,07-08-2020,09:36:28,126587,United States,5b501e4,K,MR.47,B,NA
'00046',y,07-08-2020,09:36:28,136171,United States,5b501e4,K,MR.45,B,NA
'00046',y,07-08-2020,09:36:28,147467,United States,5b501e4,K,MR.50,E,NA
'00046',y,07-08-2020,09:36:28,150720,United States,5b501e4,K,LN.05,1,Q
'00046',y,07-08-2020,09:36:28,156016,United States,5b501e4,K,LN.06,1,D
'00046',y,07-08-2020,09:36:28,157790,United States,5b501e4,K,LN.01,5,178
'00046',y,07-08-2020,09:36:28,161992,United States,5b501e4,K,LN.07,6,X
'00047',y,07-08-2020,09:34:28,9354,United States,5b501e4,G,R3D.12,A,NA
'00047',y,07-08-2020,09:34:28,27429,United States,5b501e4,G,R3D.54,A,NA
'00047',y,07-08-2020,09:34:28,34597,United States,5b501e4,G,R3D.61,D,NA
'00047',y,07-08-2020,09:34:28,42105,United States,5b501e4,G,R3D.59,C,NA
'00047',y,07-08-2020,09:34:28,50603,United States,5b501e4,G,MR.55,B,NA
'00047',y,07-08-2020,09:34:28,53309,United States,5b501e4,G,MR.47,E,NA
'00047',y,07-08-2020,09:34:28,55297,United States,5b501e4,G,MR.50,D,NA
'00047',y,07-08-2020,09:34:28,57653,United States,5b501e4,G,MR.45,C,NA
'00047',y,07-08-2020,09:34:28,60085,United States,5b501e4,G,VR.11,6,Persistent
'00047',y,07-08-2020,09:34:28,67003,United States,5b501e4,G,VR.19,2,Monday
'00047',y,07-08-2020,09:34:28,75296,United States,5b501e4,G,VR.14,4,10
'00047',y,07-08-2020,09:34:28,82699,United States,5b501e4,G,VR.39,2,18
'00047',y,07-08-2020,09:34:28,92254,United States,5b501e4,G,LN.07,6,X
'00047',y,07-08-2020,09:34:28,100913,United States,5b501e4,G,LN.33,2,F
'00047',y,07-08-2020,09:34:28,112117,United States,5b501e4,G,LN.06,6,I
'00047',y,07-08-2020,09:34:28,125193,United States,5b501e4,G,LN.05,5,U
'00048',y,07-08-2020,09:33:04,1228,United States,5b501e4,F,LN.34,4,X
'00048',y,07-08-2020,09:33:04,2006,United States,5b501e4,F,LN.05,5,U
'00048',y,07-08-2020,09:33:04,2674,United States,5b501e4,F,LN.07,6,X
'00048',y,07-08-2020,09:33:04,3421,United States,5b501e4,F,LN.03,5,49
'00048',y,07-08-2020,09:33:04,4158,United States,5b501e4,F,MR.50,E,NA
'00048',y,07-08-2020,09:33:04,7646,United States,5b501e4,F,MR.46,F,NA
'00048',y,07-08-2020,09:33:04,18549,United States,5b501e4,F,MR.56,B,NA
'00048',y,07-08-2020,09:33:04,25191,United States,5b501e4,F,MR.43,E,NA
'00048',y,07-08-2020,09:33:04,29478,United States,5b501e4,F,VR.32,5,Sunday
'00048',y,07-08-2020,09:33:04,34824,United States,5b501e4,F,VR.18,4,August
'00048',y,07-08-2020,09:33:04,44197,United States,5b501e4,F,VR.36,1,Suspicious
'00048',y,07-08-2020,09:33:04,46637,United States,5b501e4,F,VR.09,2,Buckeye
'00048',y,07-08-2020,09:33:04,63129,United States,5b501e4,F,R3D.01,E,NA
'00048',y,07-08-2020,09:33:04,69771,United States,5b501e4,F,R3D.46,A,NA
'00048',y,07-08-2020,09:33:04,75253,United States,5b501e4,F,R3D.42,C,NA
'00048',y,07-08-2020,09:33:04,85726,United States,5b501e4,F,R3D.09,A,NA
'00049',y,07-08-2020,09:36:29,13163,United States,5b501e4,G,MR.44,D,NA
'00049',y,07-08-2020,09:36:29,36651,United States,5b501e4,G,MR.55,E,NA
'00049',y,07-08-2020,09:36:29,40893,United States,5b501e4,G,MR.45,C,NA
'00049',y,07-08-2020,09:36:29,64203,United States,5b501e4,G,MR.54,B,NA
'00049',y,07-08-2020,09:36:29,74429,United States,5b501e4,G,R3D.31,C,NA
'00049',y,07-08-2020,09:36:29,79724,United States,5b501e4,G,R3D.47,D,NA
'00049',y,07-08-2020,09:36:29,104138,United States,5b501e4,G,R3D.20,F,NA
'00049',y,07-08-2020,09:36:29,107905,United States,5b501e4,G,R3D.57,F,NA
'00049',y,07-08-2020,09:36:29,117074,United States,5b501e4,G,VR.19,2,Monday
'00049',y,07-08-2020,09:36:29,127532,United States,5b501e4,G,VR.31,4,It is impossible to tell
'00049',y,07-08-2020,09:36:29,130792,United States,5b501e4,G,VR.09,4,Daffodil
'00049',y,07-08-2020,09:36:29,136085,United States,5b501e4,G,VR.17,6,57
'00049',y,07-08-2020,09:36:29,137857,United States,5b501e4,G,LN.03,4,47
'00049',y,07-08-2020,09:36:29,142060,United States,5b501e4,G,LN.07,1,S
'00049',y,07-08-2020,09:36:29,142529,United States,5b501e4,G,LN.35,5,V
'00049',y,07-08-2020,09:36:29,143231,United States,5b501e4,G,LN.01,5,178
'00050',y,07-08-2020,09:36:23,16550,India,5b501e4,K,LN.07,6,X
'00050',y,07-08-2020,09:36:23,25183,India,5b501e4,K,LN.05,4,T
'00050',y,07-08-2020,09:36:23,33021,India,5b501e4,K,LN.35,5,V
'00050',y,07-08-2020,09:36:23,45772,India,5b501e4,K,LN.33,2,F
'00050',y,07-08-2020,09:36:23,58716,India,5b501e4,K,R3D.23,A,NA
'00050',y,07-08-2020,09:36:23,74085,India,5b501e4,K,R3D.06,E,NA
'00050',y,07-08-2020,09:36:23,100654,India,5b501e4,K,R3D.35,A,NA
'00050',y,07-08-2020,09:36:23,110843,India,5b501e4,K,R3D.58,B,NA
'00050',y,07-08-2020,09:36:23,116172,India,5b501e4,K,VR.26,3,Gracious
'00050',y,07-08-2020,09:36:23,132653,India,5b501e4,K,VR.17,2,39
'00050',y,07-08-2020,09:36:23,143089,India,5b501e4,K,VR.39,6,24
'00050',y,07-08-2020,09:36:23,147033,India,5b501e4,K,VR.04,5,6
'00050',y,07-08-2020,09:36:23,159465,India,5b501e4,K,MR.48,D,NA
'00050',y,07-08-2020,09:36:23,164193,India,5b501e4,K,MR.47,D,NA
'00050',y,07-08-2020,09:36:23,167231,India,5b501e4,K,MR.53,E,NA
'00050',y,07-08-2020,09:36:23,172521,India,5b501e4,K,MR.44,B,NA
'00051',y,07-08-2020,09:36:17,8139,United States,5b501e4,A,MR.55,B,NA
'00051',y,07-08-2020,09:36:17,15301,United States,5b501e4,A,MR.50,E,NA
'00051',y,07-08-2020,09:36:17,24832,United States,5b501e4,A,MR.46,A,NA
'00051',y,07-08-2020,09:36:17,33482,United States,5b501e4,A,MR.54,A,NA
'00051',y,07-08-2020,09:36:17,44674,United States,5b501e4,A,R3D.53,B,NA
'00051',y,07-08-2020,09:36:17,54037,United States,5b501e4,A,R3D.18,B,NA
'00051',y,07-08-2020,09:36:17,66991,United States,5b501e4,A,R3D.55,A,NA
'00051',y,07-08-2020,09:36:17,82367,United States,5b501e4,A,R3D.19,B,NA
'00051',y,07-08-2020,09:36:17,108904,United States,5b501e4,A,VR.09,2,Buckeye
'00051',y,07-08-2020,09:36:17,119087,United States,5b501e4,A,VR.16,4,It is impossible to tell
'00051',y,07-08-2020,09:36:17,124434,United States,5b501e4,A,VR.39,6,24
'00051',y,07-08-2020,09:36:17,140901,United States,5b501e4,A,VR.18,3,May
'00051',y,07-08-2020,09:36:17,152534,United States,5b501e4,A,LN.03,4,47
'00051',y,07-08-2020,09:36:17,161609,United States,5b501e4,A,LN.06,5,H
'00051',y,07-08-2020,09:36:17,172228,United States,5b501e4,A,LN.33,1,E
'00051',y,07-08-2020,09:36:17,175497,United States,5b501e4,A,LN.34,6,Z
