PIN,complete,date,calendar_time,timestamp,location,commit,version,Q,response,correct
'00001',y,07-08-2020,09:30:05,36038,United States,5b501e4,K,1,c,y
'00001',y,07-08-2020,09:30:08,72106,United States,5b501e4,K,2,b,y
'00001',y,07-08-2020,09:30:09,108171,United States,5b501e4,K,3,a,y
'00001',y,07-08-2020,09:30:09,144325,United States,5b501e4,K,4,d,y
'00002',y,07-08-2020,09:30:05,36067,India,5b501e4,A,1,b,y
'00002',y,07-08-2020,09:30:08,72165,India,5b501e4,A,2,d,y
'00002',y,07-08-2020,09:30:09,108247,India,5b501e4,A,3,c,y
'00002',y,07-08-2020,09:30:10,144376,India,5b501e4,A,4,a,y
'00003',y,07-08-2020,09:30:05,36040,United States,5b501e4,L,1,a,y
'00003',y,07-08-2020,09:30:08,72112,United States,5b501e4,L,2,c,y
'00003',y,07-08-2020,09:30:09,108173,United States,5b501e4,L,3,d,y
'00003',y,07-08-2020,09:30:10,144300,United States,5b501e4,L,4,b,y
'00004',y,07-08-2020,09:30:04,36056,Philippines,5b501e4,D,1,d,y
'00004',y,07-08-2020,09:30:07,72123,Philippines,5b501e4,D,2,a,y
'00004',y,07-08-2020,09:30:08,108190,Philippines,5b501e4,D,3,c,y
'00004',y,07-08-2020,09:30:09,144256,Philippines,5b501e4,D,4,b,y
'00005',y,07-08-2020,09:30:05,36039,United States,5b501e4,F,1,c,y
'00005',y,07-08-2020,09:30:08,72107,United States,5b501e4,F,2,b,y
'00005',y,07-08-2020,09:30:09,108171,United States,5b501e4,F,3,a,y
'00005',y,07-08-2020,09:30:09,144237,United States,5b501e4,F,4,d,y
'00006',y,07-08-2020,09:30:05,36046,Philippines,5b501e4,L,1,b,y
'00006',y,07-08-2020,09:30:08,72099,Philippines,5b501e4,L,2,a,y
'00006',y,07-08-2020,09:30:09,108160,Philippines,5b501e4,L,3,c,y
'00006',y,07-08-2020,09:30:09,144234,Philippines,5b501e4,L,4,d,y
'00007',y,07-08-2020,09:30:00,39957,United States,5b501e4,A,1,b,y
'00007',y,07-08-2020,09:30:03,76053,United States,5b501e4,A,2,c,y
'00007',y,07-08-2020,09:30:04,112156,United States,5b501e4,A,3,a,y
'00007',y,07-08-2020,09:30:04,148287,United States,5b501e4,A,4,d,y
'00008',y,07-08-2020,09:30:00,36084,United Kingdom,5b501e4,A,1,d,y
'00008',y,07-08-2020,09:30:03,72148,United Kingdom,5b501e4,A,2,a,y
'00008',y,07-08-2020,09:30:04,108198,United Kingdom,5b501e4,A,3,c,y
'00008',y,07-08-2020,09:30:04,144263,United Kingdom,5b501e4,A,4,b,y
'00009',y,07-08-2020,09:30:05,36077,India,5b501e4,D,1,a,y
'00009',y,07-08-2020,09:30:08,72212,India,5b501e4,D,2,c,y
'00009',y,07-08-2020,09:30:09,108292,India,5b501e4,D,3,d,y
'00009',y,07-08-2020,09:30:10,144377,India,5b501e4,D,4,b,y
'00010',y,07-08-2020,09:30:05,36036,local,5b501e4,D,1,a,y
'00010',y,07-08-2020,09:30:08,72102,local,5b501e4,D,2,d,y
'00010',y,07-08-2020,09:30:09,108168,local,5b501e4,D,3,b,y
'00010',y,07-08-2020,09:30:10,144305,local,5b501e4,D,4,c,y
'00011',y,07-08-2020,09:29:59,58864,United States,5b501e4,F,1,d,y
'00011',y,07-08-2020,09:30:02,96068,United States,5b501e4,F,2,b,y
'00011',y,07-08-2020,09:30:03,132129,United States,5b501e4,F,3,a,y
'00011',y,07-08-2020,09:30:04,168181,United States,5b501e4,F,4,c,y
'00012',y,07-08-2020,09:30:02,64015,Philippines,5b501e4,E,1,c,y
'00012',y,07-08-2020,09:30:03,100103,Philippines,5b501e4,E,2,a,y
'00012',y,07-08-2020,09:30:04,136184,Philippines,5b501e4,E,3,d,y
'00012',y,07-08-2020,09:30:05,172252,Philippines,5b501e4,E,4,b,y
'00013',y,07-08-2020,09:30:05,36088,India,5b501e4,C,1,c,y
'00013',y,07-08-2020,09:30:08,72170,India,5b501e4,C,2,b,y
'00013',y,07-08-2020,09:30:09,108234,India,5b501e4,C,3,a,y
'00013',y,07-08-2020,09:30:10,144347,India,5b501e4,C,4,d,y
'00014',y,07-08-2020,09:30:05,36057,India,5b501e4,J,1,a,y
'00014',y,07-08-2020,09:30:08,72139,India,5b501e4,J,2,c,y
'00014',y,07-08-2020,09:30:09,108201,India,5b501e4,J,3,b,y
'00014',y,07-08-2020,09:30:10,144267,India,5b501e4,J,4,d,y
'00015',y,07-08-2020,09:30:00,39969,United States,5b501e4,F,1,c,y
'00015',y,07-08-2020,09:30:03,76130,United States,5b501e4,F,2,a,y
'00015',y,07-08-2020,09:30:04,112286,United States,5b501e4,F,3,d,y
'00015',y,07-08-2020,09:30:04,148417,United States,5b501e4,F,4,b,y
'00016',y,07-08-2020,09:30:04,40166,United Kingdom,5b501e4,E,1,d,y
'00016',y,07-08-2020,09:30:07,76232,United Kingdom,5b501e4,E,2,a,y
'00016',y,07-08-2020,09:30:08,112298,United Kingdom,5b501e4,E,3,b,y
'00016',y,07-08-2020,09:30:09,148380,United Kingdom,5b501e4,E,4,c,y
'00017',y,07-08-2020,09:30:05,36044,India,5b501e4,A,1,b,y
'00017',y,07-08-2020,09:30:08,72109,India,5b501e4,A,2,c,y
'00017',y,07-08-2020,09:30:09,108176,India,5b501e4,A,3,d,y
'00017',y,07-08-2020,09:30:10,144300,India,5b501e4,A,4,a,y
'00018',y,07-08-2020,09:30:05,36044,local,5b501e4,D,1,a,y
'00018',y,07-08-2020,09:30:08,72112,local,5b501e4,D,2,c,y
'00018',y,07-08-2020,09:30:09,108177,local,5b501e4,D,3,b,y
'00018',y,07-08-2020,09:30:09,144293,local,5b501e4,D,4,d,y
'00019',y,07-08-2020,09:30:05,36037,India,5b501e4,K,1,b,y
'00019',y,07-08-2020,09:30:08,72102,India,5b501e4,K,2,c,y
'00019',y,07-08-2020,09:30:09,108206,India,5b501e4,K,3,a,y
'00019',y,07-08-2020,09:30:10,144399,India,5b501e4,K,4,d,y
'00020',y,07-08-2020,09:30:02,40470,United States,5b501e4,B,1,a,y
'00020',y,07-08-2020,09:30:04,76539,United States,5b501e4,B,2,b,y
'00020',y,07-08-2020,09:30:05,112668,United States,5b501e4,B,3,d,y
'00020',y,07-08-2020,09:30:06,148735,United States,5b501e4,B,4,c,y
'00021',y,07-08-2020,09:30:05,36052,local,5b501e4,E,1,c,y
'00021',y,07-08-2020,09:30:08,72115,local,5b501e4,E,2,a,y
'00021',y,07-08-2020,09:30:09,108180,local,5b501e4,E,3,b,y
'00021',y,07-08-2020,09:30:10,144268,local,5b501e4,E,4,d,y
'00022',y,07-08-2020,09:30:05,36033,India,5b501e4,L,1,d,y
'00022',y,07-08-2020,09:30:08,72104,India,5b501e4,L,2,a,y
'00022',y,07-08-2020,09:30:09,108167,India,5b501e4,L,3,c,y
'00022',y,07-08-2020,09:30:09,144249,India,5b501e4,L,4,b,y
'00023',y,07-08-2020,09:30:05,36164,India,5b501e4,C,1,d,y
'00023',y,07-08-2020,09:30:08,72350,India,5b501e4,C,2,a,y
'00023',y,07-08-2020,09:30:09,108434,India,5b501e4,C,3,b,y
'00023',y,07-08-2020,09:30:10,144518,India,5b501e4,C,4,c,y
'00024',y,07-08-2020,09:30:03,36243,Philippines,5b501e4,E,1,c,y
'00024',y,07-08-2020,09:30:05,72323,Philippines,5b501e4,E,2,a,y
'00024',y,07-08-2020,09:30:06,108389,Philippines,5b501e4,E,3,d,y
'00024',y,07-08-2020,09:30:07,144478,Philippines,5b501e4,E,4,b,y
'00025',y,07-08-2020,09:29:59,36248,United States,5b501e4,D,1,b,y
'00025',y,07-08-2020,09:30:03,72408,United States,5b501e4,D,2,c,y
'00025',y,07-08-2020,09:30:03,108499,United States,5b501e4,D,3,d,y
'00025',y,07-08-2020,09:30:04,144589,United States,5b501e4,D,4,a,y
'00026',y,07-08-2020,09:30:04,36036,India,5b501e4,K,1,c,y
'00026',y,07-08-2020,09:30:07,72100,India,5b501e4,K,2,b,y
'00026',y,07-08-2020,09:30:08,108167,India,5b501e4,K,3,a,y
'00026',y,07-08-2020,09:30:09,144258,India,5b501e4,K,4,d,y
'00027',y,07-08-2020,09:29:59,63207,United States,5b501e4,H,1,d,y
'00027',y,07-08-2020,09:30:02,99372,United States,5b501e4,H,2,b,y
'00027',y,07-08-2020,09:30:03,135506,United States,5b501e4,H,3,a,y
'00027',y,07-08-2020,09:30:03,171613,United States,5b501e4,H,4,c,y
'00028',y,07-08-2020,09:30:05,36042,United States,5b501e4,C,1,c,y
'00028',y,07-08-2020,09:30:08,72125,United States,5b501e4,C,2,d,y
'00028',y,07-08-2020,09:30:09,108240,United States,5b501e4,C,3,a,y
'00028',y,07-08-2020,09:30:09,144381,United States,5b501e4,C,4,b,y
'00029',y,07-08-2020,09:29:59,63193,local,5b501e4,G,1,d,y
'00029',y,07-08-2020,09:30:02,99248,local,5b501e4,G,2,a,y
'00029',y,07-08-2020,09:30:03,135315,local,5b501e4,G,3,c,y
'00029',y,07-08-2020,09:30:04,171383,local,5b501e4,G,4,b,y
'00030',y,07-08-2020,09:30:05,36064,United States,5b501e4,D,1,c,y
'00030',y,07-08-2020,09:30:08,72144,United States,5b501e4,D,2,a,y
'00030',y,07-08-2020,09:30:09,108211,United States,5b501e4,D,3,b,y
'00030',y,07-08-2020,09:30:09,144398,United States,5b501e4,D,4,d,y
'00031',y,07-08-2020,09:30:05,36053,United States,5b501e4,D,1,d,y
'00031',y,07-08-2020,09:30:08,72116,United States,5b501e4,D,2,c,y
'00031',y,07-08-2020,09:30:09,108182,United States,5b501e4,D,3,a,y
'00031',y,07-08-2020,09:30:10,144247,United States,5b501e4,D,4,b,y
'00032',y,07-08-2020,09:30:05,36047,India,5b501e4,B,1,b,y
'00032',y,07-08-2020,09:30:08,72127,India,5b501e4,B,2,c,y
'00032',y,07-08-2020,09:30:09,108192,India,5b501e4,B,3,a,y
'00032',y,07-08-2020,09:30:10,144295,India,5b501e4,B,4,d,y
'00033',y,07-08-2020,09:30:03,40520,United States,5b501e4,F,1,d,y
'00033',y,07-08-2020,09:30:06,76617,United States,5b501e4,F,2,c,y
'00033',y,07-08-2020,09:30:07,112786,United States,5b501e4,F,3,a,y
'00033',y,07-08-2020,09:30:08,148880,United States,5b501e4,F,4,b,y
'00034',y,07-08-2020,09:30:04,36045,United States,5b501e4,B,1,d,y
'00034',y,07-08-2020,09:30:07,72111,United States,5b501e4,B,2,c,y
'00034',y,07-08-2020,09:30:08,108183,United States,5b501e4,B,3,b,y
'00034',y,07-08-2020,09:30:09,144261,United States,5b501e4,B,4,a,y
'00035',y,07-08-2020,09:30:05,36058,United Kingdom,5b501e4,J,1,b,y
'00035',y,07-08-2020,09:30:08,72138,United Kingdom,5b501e4,J,2,c,y
'00035',y,07-08-2020,09:30:09,108203,United Kingdom,5b501e4,J,3,d,y
'00035',y,07-08-2020,09:30:10,144313,United Kingdom,5b501e4,J,4,a,y
'00036',y,07-08-2020,09:30:02,39956,United States,5b501e4,B,1,a,y
'00036',y,07-08-2020,09:30:03,76166,United States,5b501e4,B,2,b,y
'00036',y,07-08-2020,09:30:04,112272,United States,5b501e4,B,3,c,y
'00036',y,07-08-2020,09:30:05,148403,United States,5b501e4,B,4,d,y
'00037',y,07-08-2020,09:30:02,39945,United States,5b501e4,G,1,b,y
'00037',y,07-08-2020,09:30:03,76043,United States,5b501e4,G,2,d,y
'00037',y,07-08-2020,09:30:04,112146,United States,5b501e4,G,3,a,y
'00037',y,07-08-2020,09:30:05,148264,United States,5b501e4,G,4,c,y
'00038',y,07-08-2020,09:30:05,36041,United Kingdom,5b501e4,K,1,d,y
'00038',y,07-08-2020,09:30:08,72106,United Kingdom,5b501e4,K,2,b,y
'00038',y,07-08-2020,09:30:09,108175,United Kingdom,5b501e4,K,3,c,y
'00038',y,07-08-2020,09:30:09,144246,United Kingdom,5b501e4,K,4,a,y
'00039',y,07-08-2020,09:30:05,36046,India,5b501e4,G,1,d,y
'00039',y,07-08-2020,09:30:08,72111,India,5b501e4,G,2,a,y
'00039',y,07-08-2020,09:30:09,108232,India,5b501e4,G,3,c,y
'00039',y,07-08-2020,09:30:10,144347,India,5b501e4,G,4,b,y
'00040',y,07-08-2020,13:09:51,39127,United States,5b501e4,G,1,a,y
'00040',y,07-08-2020,13:09:54,77547,United States,5b501e4,G,2,b,y
'00040',y,07-08-2020,13:09:55,118178,United States,5b501e4,G,3,c,y
'00040',y,07-08-2020,13:09:56,156639,United States,5b501e4,G,4,d,y
'00041',y,07-08-2020,09:30:01,39969,United Kingdom,5b501e4,G,1,b,y
'00041',y,07-08-2020,09:30:03,76178,United Kingdom,5b501e4,G,2,c,y
'00041',y,07-08-2020,09:30:04,112286,United Kingdom,5b501e4,G,3,d,y
'00041',y,07-08-2020,09:30:05,148416,United Kingdom,5b501e4,G,4,a,y
'00042',y,07-08-2020,09:30:05,36040,India,5b501e4,F,1,b,y
'00042',y,07-08-2020,09:30:08,72107,India,5b501e4,F,2,d,y
'00042',y,07-08-2020,09:30:09,108190,India,5b501e4,F,3,c,y
'00042',y,07-08-2020,09:30:09,144273,India,5b501e4,F,4,a,y
'00043',y,07-08-2020,09:30:05,36037,United States,5b501e4,F,1,a,y
'00043',y,07-08-2020,09:30:08,72121,United States,5b501e4,F,2,b,y
'00043',y,07-08-2020,09:30:09,108184,United States,5b501e4,F,3,c,y
'00043',y,07-08-2020,09:30:10,144291,United States,5b501e4,F,4,d,y
'00044',y,07-08-2020,09:30:05,36040,India,5b501e4,I,1,a,y
'00044',y,07-08-2020,09:30:08,72105,India,5b501e4,I,2,b,y
'00044',y,07-08-2020,09:30:09,108171,India,5b501e4,I,3,c,y
'00044',y,07-08-2020,09:30:09,144240,India,5b501e4,I,4,d,y
'00045',y,07-08-2020,09:30:00,39949,India,5b501e4,G,1,c,y
'00045',y,07-08-2020,09:30:03,76045,India,5b501e4,G,2,a,y
'00045',y,07-08-2020,09:30:04,112136,India,5b501e4,G,3,b,y
'00045',y,07-08-2020,09:30:04,148216,India,5b501e4,G,4,d,y
'00046',y,07-08-2020,09:30:05,36048,United States,5b501e4,K,1,c,y
'00046',y,07-08-2020,09:30:08,72145,United States,5b501e4,K,2,d,y
'00046',y,07-08-2020,09:30:09,108262,United States,5b501e4,K,3,b,y
'00046',y,07-08-2020,09:30:10,144347,United States,5b501e4,K,4,a,y
'00047',y,07-08-2020,09:30:04,36050,United States,5b501e4,G,1,d,y
'00047',y,07-08-2020,09:30:07,72120,United States,5b501e4,G,2,c,y
'00047',y,07-08-2020,09:30:08,108183,United States,5b501e4,G,3,b,y
'00047',y,07-08-2020,09:30:08,144249,United States,5b501e4,G,4,a,y
'00048',y,07-08-2020,09:30:00,63197,United States,5b501e4,F,1,b,y
'00048',y,07-08-2020,09:30:03,99314,United States,5b501e4,F,2,c,y
'00048',y,07-08-2020,09:30:04,135414,United States,5b501e4,F,3,a,y
'00048',y,07-08-2020,09:30:05,171577,United States,5b501e4,F,4,d,y
'00049',y,07-08-2020,09:30:05,36043,United States,5b501e4,G,1,d,y
'00049',y,07-08-2020,09:30:08,72122,United States,5b501e4,G,2,c,y
'00049',y,07-08-2020,09:30:09,108187,United States,5b501e4,G,3,b,y
'00049',y,07-08-2020,09:30:10,144298,United States,5b501e4,G,4,a,y
'00050',y,07-08-2020,09:30:05,36038,India,5b501e4,K,1,c,y
'00050',y,07-08-2020,09:30:08,72105,India,5b501e4,K,2,b,y
'00050',y,07-08-2020,09:30:09,108169,India,5b501e4,K,3,d,y
'00050',y,07-08-2020,09:30:09,144255,India,5b501e4,K,4,a,y
'00051',y,07-08-2020,09:30:05,36042,United States,5b501e4,A,1,c,y
'00051',y,07-08-2020,09:30:08,72122,United States,5b501e4,A,2,b,y
'00051',y,07-08-2020,09:30:09,108185,United States,5b501e4,A,3,d,y
'00051',y,07-08-2020,09:30:10,144255,United States,5b501e4,A,4,a,y
